mentor_id,name,email,gender,country,domain,skills,experience_years,expertise_level,availability,max_mentees,session_rate_usd,rating,total_sessions,bio,linkedin,joined_date
M0001,Nadia Garcia,mentor1@mentornet.io,Female,UK,Web Development,"HTML, Django, Node.js, Vue.js, JavaScript",3,Intermediate,Flexible,2,0,3.6,129,Passionate Web Development professional with 3+ years of industry experience.,linkedin.com/in/mentor1,2022-10-31
M0002,Yusuf Wang,mentor2@mentornet.io,Prefer not to say,Canada,Product Management,"OKRs, Roadmapping, Agile, User Stories",3,Intermediate,Flexible,4,20,3.7,182,Passionate Product Management professional with 3+ years of industry experience.,linkedin.com/in/mentor2,2020-07-28
M0003,Aarav Tremblay,mentor3@mentornet.io,Non-binary,France,Web Development,"Vue.js, HTML, React, Django",15,Expert,Flexible,2,50,3.9,195,Passionate Web Development professional with 15+ years of industry experience.,linkedin.com/in/mentor3,2023-03-28
M0004,Liam Thompson,mentor4@mentornet.io,Female,Australia,Cybersecurity,"SIEM, Penetration Testing, Ethical Hacking",5,Intermediate,Evenings,5,75,4.8,93,Passionate Cybersecurity professional with 5+ years of industry experience.,linkedin.com/in/mentor4,2022-01-28
M0005,Nadia White,mentor5@mentornet.io,Male,France,DevOps,"Jenkins, Monitoring, Shell Scripting, CI/CD, Ansible",9,Advanced,Flexible,4,75,4.5,122,Passionate DevOps professional with 9+ years of industry experience.,linkedin.com/in/mentor5,2021-10-26
M0006,Liam Lewis,mentor6@mentornet.io,Non-binary,Nigeria,Data Science,"Python, R, Statistics, SQL",10,Advanced,Weekends,5,30,4.8,244,Passionate Data Science professional with 10+ years of industry experience.,linkedin.com/in/mentor6,2020-10-19
M0007,Amara Harris,mentor7@mentornet.io,Non-binary,France,Cloud Computing,"Docker, Kubernetes, GCP, AWS",7,Intermediate,Weekends,6,30,3.6,34,Passionate Cloud Computing professional with 7+ years of industry experience.,linkedin.com/in/mentor7,2020-08-12
M0008,Kofi Anderson,mentor8@mentornet.io,Male,Nigeria,Machine Learning,"NLP, OpenCV, Keras, Deep Learning",8,Advanced,Weekdays,2,75,4.8,146,Passionate Machine Learning professional with 8+ years of industry experience.,linkedin.com/in/mentor8,2021-11-27
M0009,Kofi Kim,mentor9@mentornet.io,Prefer not to say,India,Web Development,"Django, JavaScript, Node.js, CSS, Vue.js",12,Advanced,Weekdays,4,100,4.5,111,Passionate Web Development professional with 12+ years of industry experience.,linkedin.com/in/mentor9,2020-11-09
M0010,Sana Clark,mentor10@mentornet.io,Male,France,DevOps,"Ansible, CI/CD, Monitoring, Jenkins",8,Advanced,Evenings,3,0,3.9,300,Passionate DevOps professional with 8+ years of industry experience.,linkedin.com/in/mentor10,2020-06-10
M0011,Noah Clark,mentor11@mentornet.io,Female,UK,Web Development,"React, Node.js, CSS, JavaScript, Vue.js",18,Expert,Mornings,5,0,4.9,112,Passionate Web Development professional with 18+ years of industry experience.,linkedin.com/in/mentor11,2021-09-30
M0012,Isabelle Hall,mentor12@mentornet.io,Prefer not to say,USA,UI/UX Design,"Adobe XD, Figma, Prototyping",14,Expert,Weekdays,6,50,3.8,122,Passionate UI/UX Design professional with 14+ years of industry experience.,linkedin.com/in/mentor12,2020-01-15
M0013,Lucas Smith,mentor13@mentornet.io,Male,Germany,Web Development,"Node.js, CSS, JavaScript",4,Intermediate,Flexible,3,50,3.7,252,Passionate Web Development professional with 4+ years of industry experience.,linkedin.com/in/mentor13,2021-05-12
M0014,Wei Johnson,mentor14@mentornet.io,Male,Nigeria,Mobile Development,"Kotlin, iOS, Android, Swift",16,Expert,Weekdays,2,0,4.1,183,Passionate Mobile Development professional with 16+ years of industry experience.,linkedin.com/in/mentor14,2020-08-11
M0015,Wei Wilson,mentor15@mentornet.io,Prefer not to say,UK,Cybersecurity,"SIEM, Forensics, Ethical Hacking, Penetration Testing",9,Advanced,Weekdays,5,100,4.8,291,Passionate Cybersecurity professional with 9+ years of industry experience.,linkedin.com/in/mentor15,2020-07-19
M0016,Arjun Smith,mentor16@mentornet.io,Female,UK,Data Science,"Tableau, Scikit-learn, R, Pandas",20,Expert,Weekdays,3,30,3.5,209,Passionate Data Science professional with 20+ years of industry experience.,linkedin.com/in/mentor16,2021-06-27
M0017,Kofi White,mentor17@mentornet.io,Prefer not to say,UK,Mobile Development,"Swift, React Native, Flutter",12,Advanced,Mornings,6,0,4.6,39,Passionate Mobile Development professional with 12+ years of industry experience.,linkedin.com/in/mentor17,2020-04-12
M0018,Divya Young,mentor18@mentornet.io,Female,India,Product Management,"Agile, Scrum, Jira, Roadmapping, User Stories",18,Expert,Weekends,5,0,4.9,136,Passionate Product Management professional with 18+ years of industry experience.,linkedin.com/in/mentor18,2023-03-31
M0019,Alex Smith,mentor19@mentornet.io,Prefer not to say,France,Product Management,"OKRs, Roadmapping, Jira, Agile, Scrum",4,Intermediate,Weekends,4,30,3.7,163,Passionate Product Management professional with 4+ years of industry experience.,linkedin.com/in/mentor19,2022-07-25
M0020,Arjun Rossi,mentor20@mentornet.io,Male,USA,DevOps,"Jenkins, Monitoring, Git, CI/CD, Shell Scripting",5,Intermediate,Weekdays,3,20,3.9,234,Passionate DevOps professional with 5+ years of industry experience.,linkedin.com/in/mentor20,2023-01-17
M0021,Arjun Thompson,mentor21@mentornet.io,Non-binary,USA,Cloud Computing,"GCP, AWS, Docker",19,Expert,Mornings,3,20,3.9,117,Passionate Cloud Computing professional with 19+ years of industry experience.,linkedin.com/in/mentor21,2021-12-03
M0022,Divya Brown,mentor22@mentornet.io,Non-binary,India,Cybersecurity,"Network Security, Forensics, Penetration Testing",11,Advanced,Weekdays,4,100,3.7,144,Passionate Cybersecurity professional with 11+ years of industry experience.,linkedin.com/in/mentor22,2020-11-26
M0023,Kofi Wilson,mentor23@mentornet.io,Male,USA,Mobile Development,"iOS, React Native, Flutter",20,Expert,Evenings,6,50,3.7,75,Passionate Mobile Development professional with 20+ years of industry experience.,linkedin.com/in/mentor23,2020-03-26
M0024,Liam Hall,mentor24@mentornet.io,Non-binary,Canada,Cloud Computing,"Azure, AWS, GCP, Kubernetes, Terraform",14,Expert,Mornings,3,0,4.8,100,Passionate Cloud Computing professional with 14+ years of industry experience.,linkedin.com/in/mentor24,2022-04-24
M0025,Riya Lewis,mentor25@mentornet.io,Prefer not to say,Canada,Data Science,"R, Pandas, Python, Tableau",8,Advanced,Weekdays,5,0,3.8,245,Passionate Data Science professional with 8+ years of industry experience.,linkedin.com/in/mentor25,2021-12-17
M0026,Lucas Sharma,mentor26@mentornet.io,Female,Nigeria,Cloud Computing,"GCP, AWS, Terraform, Azure",10,Advanced,Mornings,5,75,5.0,284,Passionate Cloud Computing professional with 10+ years of industry experience.,linkedin.com/in/mentor26,2021-11-09
M0027,Daniel Kim,mentor27@mentornet.io,Non-binary,India,Data Science,"Statistics, Tableau, SQL",6,Intermediate,Evenings,5,50,5.0,69,Passionate Data Science professional with 6+ years of industry experience.,linkedin.com/in/mentor27,2022-02-27
M0028,Daniel Patel,mentor28@mentornet.io,Prefer not to say,India,Product Management,"OKRs, Scrum, Roadmapping, Jira, Agile",9,Advanced,Evenings,6,20,4.5,73,Passionate Product Management professional with 9+ years of industry experience.,linkedin.com/in/mentor28,2021-09-07
M0029,Tyler Silva,mentor29@mentornet.io,Prefer not to say,Australia,Blockchain,"Ethereum, DeFi, Web3.js, Smart Contracts, Solidity",12,Advanced,Mornings,6,20,4.1,10,Passionate Blockchain professional with 12+ years of industry experience.,linkedin.com/in/mentor29,2021-09-14
M0030,Kofi Lewis,mentor30@mentornet.io,Non-binary,Brazil,Cloud Computing,"Kubernetes, Azure, Terraform, GCP",9,Advanced,Weekends,2,20,4.3,181,Passionate Cloud Computing professional with 9+ years of industry experience.,linkedin.com/in/mentor30,2020-07-10
M0031,Lucas Lewis,mentor31@mentornet.io,Female,UK,Cybersecurity,"Penetration Testing, SIEM, Network Security",12,Advanced,Mornings,2,30,4.1,109,Passionate Cybersecurity professional with 12+ years of industry experience.,linkedin.com/in/mentor31,2022-02-25
M0032,Amara Lee,mentor32@mentornet.io,Male,USA,Mobile Development,"React Native, iOS, Kotlin, Flutter",15,Expert,Mornings,3,100,3.7,78,Passionate Mobile Development professional with 15+ years of industry experience.,linkedin.com/in/mentor32,2022-08-09
M0033,Pooja Silva,mentor33@mentornet.io,Prefer not to say,France,Blockchain,"DeFi, Web3.js, Smart Contracts, Ethereum, Solidity",20,Expert,Flexible,5,20,4.6,151,Passionate Blockchain professional with 20+ years of industry experience.,linkedin.com/in/mentor33,2022-12-03
M0034,Nadia Rossi,mentor34@mentornet.io,Male,Australia,Mobile Development,"Swift, iOS, Android",10,Advanced,Mornings,2,0,3.7,206,Passionate Mobile Development professional with 10+ years of industry experience.,linkedin.com/in/mentor34,2020-11-08
M0035,Tyler Ali,mentor35@mentornet.io,Non-binary,Singapore,Cybersecurity,"Network Security, Penetration Testing, Ethical Hacking, SIEM",5,Intermediate,Flexible,6,75,3.5,204,Passionate Cybersecurity professional with 5+ years of industry experience.,linkedin.com/in/mentor35,2022-09-03
M0036,Sarah Clark,mentor36@mentornet.io,Prefer not to say,Nigeria,Data Science,"Pandas, Scikit-learn, Statistics, R, Tableau",14,Expert,Weekends,4,30,4.2,209,Passionate Data Science professional with 14+ years of industry experience.,linkedin.com/in/mentor36,2021-11-19
M0037,Raj Young,mentor37@mentornet.io,Female,France,UI/UX Design,"Figma, User Research, Wireframing, Prototyping, Adobe XD",8,Advanced,Flexible,3,100,4.2,35,Passionate UI/UX Design professional with 8+ years of industry experience.,linkedin.com/in/mentor37,2021-06-16
M0038,Fatima Rossi,mentor38@mentornet.io,Non-binary,Germany,UI/UX Design,"Wireframing, User Research, Adobe XD, Figma",13,Expert,Flexible,2,75,4.3,189,Passionate UI/UX Design professional with 13+ years of industry experience.,linkedin.com/in/mentor38,2021-04-04
M0039,Priya Garcia,mentor39@mentornet.io,Female,India,Web Development,"CSS, Vue.js, Django, React, JavaScript",4,Intermediate,Weekdays,6,0,4.2,141,Passionate Web Development professional with 4+ years of industry experience.,linkedin.com/in/mentor39,2022-01-25
M0040,James Osei,mentor40@mentornet.io,Male,France,Machine Learning,"Keras, NLP, OpenCV",6,Intermediate,Flexible,3,0,4.4,134,Passionate Machine Learning professional with 6+ years of industry experience.,linkedin.com/in/mentor40,2020-07-27
M0041,Chloe Lewis,mentor41@mentornet.io,Male,Germany,Cloud Computing,"Kubernetes, GCP, AWS, Docker, Azure",6,Intermediate,Weekdays,5,100,4.2,231,Passionate Cloud Computing professional with 6+ years of industry experience.,linkedin.com/in/mentor41,2022-01-11
M0042,Kofi Kim,mentor42@mentornet.io,Non-binary,France,Mobile Development,"Kotlin, iOS, Android, Swift, React Native",7,Intermediate,Evenings,3,100,4.9,152,Passionate Mobile Development professional with 7+ years of industry experience.,linkedin.com/in/mentor42,2022-07-12
M0043,Chloe Anderson,mentor43@mentornet.io,Prefer not to say,Germany,Cybersecurity,"Network Security, Forensics, Penetration Testing",17,Expert,Flexible,3,20,4.7,184,Passionate Cybersecurity professional with 17+ years of industry experience.,linkedin.com/in/mentor43,2021-07-26
M0044,Yusuf Sharma,mentor44@mentornet.io,Female,USA,Product Management,"Jira, User Stories, OKRs",11,Advanced,Mornings,3,75,4.2,261,Passionate Product Management professional with 11+ years of industry experience.,linkedin.com/in/mentor44,2022-07-06
M0045,Kiran Garcia,mentor45@mentornet.io,Prefer not to say,Canada,Data Science,"Pandas, Statistics, SQL, Tableau",5,Intermediate,Mornings,6,20,4.1,291,Passionate Data Science professional with 5+ years of industry experience.,linkedin.com/in/mentor45,2021-11-08
M0046,Nadia Osei,mentor46@mentornet.io,Non-binary,Canada,DevOps,"Shell Scripting, Jenkins, Git",17,Expert,Weekdays,6,100,4.5,108,Passionate DevOps professional with 17+ years of industry experience.,linkedin.com/in/mentor46,2021-03-19
M0047,Ivan Clark,mentor47@mentornet.io,Non-binary,USA,Mobile Development,"Swift, React Native, iOS",11,Advanced,Weekends,4,0,4.6,74,Passionate Mobile Development professional with 11+ years of industry experience.,linkedin.com/in/mentor47,2021-07-15
M0048,Yusuf Osei,mentor48@mentornet.io,Female,Brazil,Data Science,"Scikit-learn, Python, Statistics",4,Intermediate,Evenings,5,30,4.2,104,Passionate Data Science professional with 4+ years of industry experience.,linkedin.com/in/mentor48,2020-04-15
M0049,Zara Robinson,mentor49@mentornet.io,Male,Nigeria,Cloud Computing,"AWS, Docker, Terraform, Kubernetes",18,Expert,Weekends,6,20,3.6,137,Passionate Cloud Computing professional with 18+ years of industry experience.,linkedin.com/in/mentor49,2020-08-30
M0050,Pooja Anderson,mentor50@mentornet.io,Female,Singapore,Blockchain,"Web3.js, DeFi, Ethereum, Smart Contracts",16,Expert,Evenings,6,50,3.6,60,Passionate Blockchain professional with 16+ years of industry experience.,linkedin.com/in/mentor50,2021-03-01
M0051,Olivia Kim,mentor51@mentornet.io,Female,UK,Cybersecurity,"Penetration Testing, SIEM, Ethical Hacking, Network Security, Forensics",11,Advanced,Mornings,5,20,3.5,157,Passionate Cybersecurity professional with 11+ years of industry experience.,linkedin.com/in/mentor51,2021-08-02
M0052,Lucas Young,mentor52@mentornet.io,Non-binary,France,Mobile Development,"React Native, Kotlin, Flutter, Swift, Android",5,Intermediate,Weekends,4,100,3.7,40,Passionate Mobile Development professional with 5+ years of industry experience.,linkedin.com/in/mentor52,2020-12-05
M0053,Isabelle Johnson,mentor53@mentornet.io,Prefer not to say,Australia,Cloud Computing,"Kubernetes, GCP, Terraform, Azure, AWS",12,Advanced,Mornings,2,30,4.6,138,Passionate Cloud Computing professional with 12+ years of industry experience.,linkedin.com/in/mentor53,2020-02-22
M0054,Chloe Taylor,mentor54@mentornet.io,Male,Australia,Web Development,"HTML, CSS, React, Node.js, Django",10,Advanced,Weekends,6,30,4.5,261,Passionate Web Development professional with 10+ years of industry experience.,linkedin.com/in/mentor54,2020-07-05
M0055,Tyler Silva,mentor55@mentornet.io,Non-binary,USA,Mobile Development,"Swift, Kotlin, Android",14,Expert,Evenings,5,100,4.6,28,Passionate Mobile Development professional with 14+ years of industry experience.,linkedin.com/in/mentor55,2022-07-20
M0056,Daniel Silva,mentor56@mentornet.io,Male,Nigeria,Web Development,"Vue.js, HTML, Node.js, React, CSS",13,Expert,Weekdays,3,50,4.0,265,Passionate Web Development professional with 13+ years of industry experience.,linkedin.com/in/mentor56,2022-06-24
M0057,Nadia Wilson,mentor57@mentornet.io,Female,Australia,Data Science,"Pandas, Tableau, Python, Statistics",9,Advanced,Mornings,3,75,3.7,292,Passionate Data Science professional with 9+ years of industry experience.,linkedin.com/in/mentor57,2020-01-29
M0058,Olivia Garcia,mentor58@mentornet.io,Male,Brazil,Blockchain,"Ethereum, Web3.js, Smart Contracts",16,Expert,Evenings,6,75,3.9,257,Passionate Blockchain professional with 16+ years of industry experience.,linkedin.com/in/mentor58,2022-08-25
M0059,Yusuf Lee,mentor59@mentornet.io,Prefer not to say,Canada,Cybersecurity,"Ethical Hacking, SIEM, Penetration Testing, Network Security, Forensics",17,Expert,Evenings,6,20,4.7,154,Passionate Cybersecurity professional with 17+ years of industry experience.,linkedin.com/in/mentor59,2021-09-03
M0060,Sofia Rossi,mentor60@mentornet.io,Prefer not to say,Germany,Product Management,"OKRs, Jira, User Stories, Scrum",18,Expert,Evenings,3,75,3.9,206,Passionate Product Management professional with 18+ years of industry experience.,linkedin.com/in/mentor60,2021-04-23
M0061,Michael Harris,mentor61@mentornet.io,Prefer not to say,Nigeria,UI/UX Design,"Adobe XD, User Research, Figma, Wireframing",4,Intermediate,Mornings,6,20,4.8,235,Passionate UI/UX Design professional with 4+ years of industry experience.,linkedin.com/in/mentor61,2020-07-23
M0062,Arjun Harris,mentor62@mentornet.io,Female,Nigeria,Blockchain,"Ethereum, Solidity, DeFi, Smart Contracts, Web3.js",17,Expert,Mornings,5,75,3.6,178,Passionate Blockchain professional with 17+ years of industry experience.,linkedin.com/in/mentor62,2022-12-28
M0063,Omar Walker,mentor63@mentornet.io,Male,France,UI/UX Design,"Adobe XD, Wireframing, Figma",13,Expert,Weekdays,5,0,4.6,61,Passionate UI/UX Design professional with 13+ years of industry experience.,linkedin.com/in/mentor63,2022-06-27
M0064,Priya Patel,mentor64@mentornet.io,Non-binary,India,Machine Learning,"Keras, Deep Learning, OpenCV, TensorFlow",12,Advanced,Weekends,6,30,4.3,102,Passionate Machine Learning professional with 12+ years of industry experience.,linkedin.com/in/mentor64,2020-12-14
M0065,Alex Walker,mentor65@mentornet.io,Prefer not to say,France,Machine Learning,"PyTorch, OpenCV, Deep Learning, TensorFlow, NLP",5,Intermediate,Evenings,5,20,4.5,248,Passionate Machine Learning professional with 5+ years of industry experience.,linkedin.com/in/mentor65,2021-08-12
M0066,Noah Rossi,mentor66@mentornet.io,Non-binary,France,Blockchain,"Web3.js, Smart Contracts, Ethereum, DeFi",8,Advanced,Weekends,5,100,4.2,131,Passionate Blockchain professional with 8+ years of industry experience.,linkedin.com/in/mentor66,2022-02-20
M0067,Chloe Osei,mentor67@mentornet.io,Non-binary,India,Product Management,"User Stories, Roadmapping, Agile, OKRs, Jira",14,Expert,Mornings,5,100,4.9,156,Passionate Product Management professional with 14+ years of industry experience.,linkedin.com/in/mentor67,2021-04-16
M0068,Lucas Martinez,mentor68@mentornet.io,Female,France,Product Management,"Jira, Scrum, Agile, Roadmapping",14,Expert,Weekdays,4,100,4.2,196,Passionate Product Management professional with 14+ years of industry experience.,linkedin.com/in/mentor68,2020-09-26
M0069,Michael Harris,mentor69@mentornet.io,Prefer not to say,UK,Web Development,"CSS, Node.js, JavaScript",12,Advanced,Mornings,6,20,4.7,141,Passionate Web Development professional with 12+ years of industry experience.,linkedin.com/in/mentor69,2022-09-13
M0070,Zara Rossi,mentor70@mentornet.io,Male,UK,Cloud Computing,"Terraform, Kubernetes, GCP",13,Expert,Weekdays,5,0,3.9,73,Passionate Cloud Computing professional with 13+ years of industry experience.,linkedin.com/in/mentor70,2022-07-20
M0071,Ivan Kumar,mentor71@mentornet.io,Non-binary,USA,DevOps,"Jenkins, Ansible, CI/CD, Git, Shell Scripting",11,Advanced,Mornings,3,75,3.6,247,Passionate DevOps professional with 11+ years of industry experience.,linkedin.com/in/mentor71,2021-09-10
M0072,Carlos Patel,mentor72@mentornet.io,Male,Australia,UI/UX Design,"Figma, Prototyping, User Research, Wireframing",6,Intermediate,Flexible,5,20,4.5,286,Passionate UI/UX Design professional with 6+ years of industry experience.,linkedin.com/in/mentor72,2022-05-08
M0073,Tyler Martinez,mentor73@mentornet.io,Male,Brazil,Product Management,"User Stories, Roadmapping, Agile, OKRs, Scrum",7,Intermediate,Weekends,5,30,4.9,195,Passionate Product Management professional with 7+ years of industry experience.,linkedin.com/in/mentor73,2020-07-22
M0074,Ahmed Patel,mentor74@mentornet.io,Prefer not to say,Australia,DevOps,"CI/CD, Ansible, Shell Scripting",20,Expert,Weekends,6,0,3.6,180,Passionate DevOps professional with 20+ years of industry experience.,linkedin.com/in/mentor74,2021-05-13
M0075,Noah Robinson,mentor75@mentornet.io,Female,France,Machine Learning,"PyTorch, Keras, Deep Learning",9,Advanced,Mornings,2,20,4.8,84,Passionate Machine Learning professional with 9+ years of industry experience.,linkedin.com/in/mentor75,2020-09-23
M0076,Aisha Johnson,mentor76@mentornet.io,Male,UK,Blockchain,"Smart Contracts, Ethereum, DeFi",11,Advanced,Evenings,2,0,3.9,74,Passionate Blockchain professional with 11+ years of industry experience.,linkedin.com/in/mentor76,2022-05-12
M0077,Noah Brown,mentor77@mentornet.io,Prefer not to say,Germany,Blockchain,"DeFi, Solidity, Ethereum, Web3.js, Smart Contracts",6,Intermediate,Mornings,4,30,4.5,25,Passionate Blockchain professional with 6+ years of industry experience.,linkedin.com/in/mentor77,2020-05-04
M0078,Kofi Thompson,mentor78@mentornet.io,Male,Brazil,Mobile Development,"Kotlin, Flutter, Android, React Native, iOS",15,Expert,Weekdays,3,20,4.4,290,Passionate Mobile Development professional with 15+ years of industry experience.,linkedin.com/in/mentor78,2021-10-27
M0079,Kiran Rossi,mentor79@mentornet.io,Prefer not to say,USA,UI/UX Design,"Figma, Adobe XD, User Research, Wireframing, Prototyping",19,Expert,Flexible,4,100,4.2,222,Passionate UI/UX Design professional with 19+ years of industry experience.,linkedin.com/in/mentor79,2020-07-13
M0080,Michael Thompson,mentor80@mentornet.io,Non-binary,Germany,DevOps,"Shell Scripting, Ansible, CI/CD",16,Expert,Weekdays,2,0,4.1,200,Passionate DevOps professional with 16+ years of industry experience.,linkedin.com/in/mentor80,2020-09-23
M0081,Ivan Wilson,mentor81@mentornet.io,Non-binary,USA,Blockchain,"Smart Contracts, Web3.js, DeFi, Solidity",4,Intermediate,Evenings,6,20,4.0,269,Passionate Blockchain professional with 4+ years of industry experience.,linkedin.com/in/mentor81,2021-03-11
M0082,Lucas Walker,mentor82@mentornet.io,Male,Germany,Machine Learning,"Keras, TensorFlow, Deep Learning, OpenCV, NLP",18,Expert,Flexible,6,100,4.7,295,Passionate Machine Learning professional with 18+ years of industry experience.,linkedin.com/in/mentor82,2020-02-23
M0083,Priya Kim,mentor83@mentornet.io,Non-binary,Australia,Product Management,"Roadmapping, Agile, Scrum, OKRs",11,Advanced,Mornings,5,0,3.7,25,Passionate Product Management professional with 11+ years of industry experience.,linkedin.com/in/mentor83,2020-07-06
M0084,Rohan Ali,mentor84@mentornet.io,Prefer not to say,Germany,Blockchain,"Smart Contracts, DeFi, Web3.js",9,Advanced,Evenings,6,50,3.6,36,Passionate Blockchain professional with 9+ years of industry experience.,linkedin.com/in/mentor84,2020-11-14
M0085,Olivia Müller,mentor85@mentornet.io,Prefer not to say,Nigeria,Machine Learning,"NLP, OpenCV, Deep Learning, PyTorch",4,Intermediate,Weekends,6,0,4.0,66,Passionate Machine Learning professional with 4+ years of industry experience.,linkedin.com/in/mentor85,2021-08-03
M0086,Ethan Thompson,mentor86@mentornet.io,Non-binary,India,Product Management,"User Stories, OKRs, Agile",18,Expert,Weekdays,3,20,4.9,80,Passionate Product Management professional with 18+ years of industry experience.,linkedin.com/in/mentor86,2021-06-07
M0087,Zara Sharma,mentor87@mentornet.io,Prefer not to say,Nigeria,Cloud Computing,"Azure, Kubernetes, Terraform",13,Expert,Mornings,6,100,4.5,191,Passionate Cloud Computing professional with 13+ years of industry experience.,linkedin.com/in/mentor87,2020-05-27
M0088,Kofi Sharma,mentor88@mentornet.io,Prefer not to say,USA,UI/UX Design,"Prototyping, User Research, Wireframing, Adobe XD",4,Intermediate,Flexible,4,0,4.1,176,Passionate UI/UX Design professional with 4+ years of industry experience.,linkedin.com/in/mentor88,2020-12-17
M0089,Elena Smith,mentor89@mentornet.io,Prefer not to say,USA,Product Management,"User Stories, OKRs, Jira",17,Expert,Mornings,2,30,4.8,183,Passionate Product Management professional with 17+ years of industry experience.,linkedin.com/in/mentor89,2021-03-29
M0090,Noah Davis,mentor90@mentornet.io,Male,Singapore,DevOps,"Jenkins, Git, Monitoring, Ansible, CI/CD",8,Advanced,Weekends,2,0,3.9,98,Passionate DevOps professional with 8+ years of industry experience.,linkedin.com/in/mentor90,2020-11-09
M0091,Omar Rossi,mentor91@mentornet.io,Prefer not to say,France,Web Development,"Django, Node.js, JavaScript, Vue.js, HTML",8,Advanced,Flexible,2,30,4.2,165,Passionate Web Development professional with 8+ years of industry experience.,linkedin.com/in/mentor91,2021-07-16
M0092,Ahmed Davis,mentor92@mentornet.io,Male,Australia,Product Management,"User Stories, Agile, OKRs, Scrum",4,Intermediate,Evenings,2,75,4.8,56,Passionate Product Management professional with 4+ years of industry experience.,linkedin.com/in/mentor92,2022-11-04
M0093,Ivan Wilson,mentor93@mentornet.io,Male,Brazil,UI/UX Design,"Adobe XD, Wireframing, User Research, Prototyping, Figma",17,Expert,Weekdays,5,0,4.7,185,Passionate UI/UX Design professional with 17+ years of industry experience.,linkedin.com/in/mentor93,2020-06-21
M0094,Liam Garcia,mentor94@mentornet.io,Prefer not to say,Brazil,Blockchain,"DeFi, Ethereum, Web3.js, Smart Contracts, Solidity",8,Advanced,Flexible,5,100,4.0,36,Passionate Blockchain professional with 8+ years of industry experience.,linkedin.com/in/mentor94,2021-11-16
M0095,Aarav Wilson,mentor95@mentornet.io,Prefer not to say,Australia,Web Development,"Django, Vue.js, Node.js, CSS",13,Expert,Evenings,2,50,4.5,189,Passionate Web Development professional with 13+ years of industry experience.,linkedin.com/in/mentor95,2021-09-27
M0096,Pooja White,mentor96@mentornet.io,Male,Australia,UI/UX Design,"User Research, Wireframing, Figma, Prototyping, Adobe XD",7,Intermediate,Mornings,4,0,4.0,102,Passionate UI/UX Design professional with 7+ years of industry experience.,linkedin.com/in/mentor96,2021-03-14
M0097,Wei Garcia,mentor97@mentornet.io,Female,UK,DevOps,"Git, CI/CD, Monitoring",18,Expert,Evenings,6,0,4.4,88,Passionate DevOps professional with 18+ years of industry experience.,linkedin.com/in/mentor97,2020-11-28
M0098,Isabelle Patel,mentor98@mentornet.io,Prefer not to say,Germany,Machine Learning,"Deep Learning, PyTorch, OpenCV, Keras, NLP",8,Advanced,Flexible,3,50,3.9,250,Passionate Machine Learning professional with 8+ years of industry experience.,linkedin.com/in/mentor98,2021-02-01
M0099,Raj Clark,mentor99@mentornet.io,Non-binary,Nigeria,DevOps,"Monitoring, Ansible, Jenkins, CI/CD, Git",17,Expert,Evenings,2,75,4.2,200,Passionate DevOps professional with 17+ years of industry experience.,linkedin.com/in/mentor99,2023-02-09
M0100,Zara Osei,mentor100@mentornet.io,Male,UK,Web Development,"React, Node.js, CSS, Vue.js",19,Expert,Weekdays,3,100,4.2,188,Passionate Web Development professional with 19+ years of industry experience.,linkedin.com/in/mentor100,2020-02-24
M0101,Mei Davis,mentor101@mentornet.io,Non-binary,Canada,UI/UX Design,"Figma, Wireframing, Prototyping, User Research",4,Intermediate,Evenings,2,100,4.6,181,Passionate UI/UX Design professional with 4+ years of industry experience.,linkedin.com/in/mentor101,2020-10-26
M0102,Kiran Young,mentor102@mentornet.io,Prefer not to say,UK,Machine Learning,"OpenCV, Deep Learning, TensorFlow, NLP, Keras",4,Intermediate,Evenings,3,100,3.7,280,Passionate Machine Learning professional with 4+ years of industry experience.,linkedin.com/in/mentor102,2022-05-16
M0103,Amara Osei,mentor103@mentornet.io,Male,India,Web Development,"React, Django, Node.js",12,Advanced,Flexible,2,0,4.8,265,Passionate Web Development professional with 12+ years of industry experience.,linkedin.com/in/mentor103,2023-01-02
M0104,Chloe Garcia,mentor104@mentornet.io,Female,Australia,Data Science,"Python, Statistics, SQL, R",19,Expert,Mornings,5,0,4.5,53,Passionate Data Science professional with 19+ years of industry experience.,linkedin.com/in/mentor104,2022-12-08
M0105,Ethan Wilson,mentor105@mentornet.io,Male,Nigeria,DevOps,"CI/CD, Ansible, Git, Jenkins",5,Intermediate,Weekdays,4,100,3.6,133,Passionate DevOps professional with 5+ years of industry experience.,linkedin.com/in/mentor105,2020-07-31
M0106,Carlos Patel,mentor106@mentornet.io,Non-binary,Singapore,Product Management,"Jira, Scrum, User Stories, Roadmapping",13,Expert,Flexible,3,100,3.7,244,Passionate Product Management professional with 13+ years of industry experience.,linkedin.com/in/mentor106,2020-03-16
M0107,Liam Lewis,mentor107@mentornet.io,Female,India,Cloud Computing,"GCP, Docker, Kubernetes, Terraform",9,Advanced,Flexible,4,0,4.6,107,Passionate Cloud Computing professional with 9+ years of industry experience.,linkedin.com/in/mentor107,2021-08-08
M0108,Riya Müller,mentor108@mentornet.io,Male,Germany,DevOps,"Ansible, Shell Scripting, Monitoring, Jenkins",4,Intermediate,Weekends,5,75,4.2,275,Passionate DevOps professional with 4+ years of industry experience.,linkedin.com/in/mentor108,2021-06-30
M0109,Olivia Ali,mentor109@mentornet.io,Female,Singapore,Web Development,"JavaScript, HTML, Django, Vue.js",16,Expert,Evenings,4,30,4.4,228,Passionate Web Development professional with 16+ years of industry experience.,linkedin.com/in/mentor109,2020-12-07
M0110,Isabelle Patel,mentor110@mentornet.io,Non-binary,France,Mobile Development,"Swift, Flutter, Android, iOS",14,Expert,Flexible,4,50,4.7,91,Passionate Mobile Development professional with 14+ years of industry experience.,linkedin.com/in/mentor110,2020-03-04
M0111,Liam Lee,mentor111@mentornet.io,Male,Canada,Machine Learning,"Keras, Deep Learning, OpenCV, NLP, TensorFlow",17,Expert,Mornings,3,75,4.2,199,Passionate Machine Learning professional with 17+ years of industry experience.,linkedin.com/in/mentor111,2022-01-31
M0112,Chloe Lee,mentor112@mentornet.io,Non-binary,Nigeria,Mobile Development,"iOS, Swift, React Native, Flutter",5,Intermediate,Weekdays,3,30,4.3,297,Passionate Mobile Development professional with 5+ years of industry experience.,linkedin.com/in/mentor112,2020-08-29
M0113,Isabelle Wang,mentor113@mentornet.io,Non-binary,Brazil,Cloud Computing,"AWS, Azure, Terraform",11,Advanced,Flexible,3,75,4.2,54,Passionate Cloud Computing professional with 11+ years of industry experience.,linkedin.com/in/mentor113,2021-10-16
M0114,Yusuf Wilson,mentor114@mentornet.io,Non-binary,Australia,DevOps,"Shell Scripting, Jenkins, Git",5,Intermediate,Mornings,3,0,5.0,81,Passionate DevOps professional with 5+ years of industry experience.,linkedin.com/in/mentor114,2021-04-29
M0115,Elena Wilson,mentor115@mentornet.io,Non-binary,Brazil,Mobile Development,"React Native, Android, Flutter, Kotlin, iOS",3,Intermediate,Flexible,5,50,4.1,219,Passionate Mobile Development professional with 3+ years of industry experience.,linkedin.com/in/mentor115,2023-03-23
M0116,Michael Martinez,mentor116@mentornet.io,Male,Brazil,Web Development,"Django, Node.js, JavaScript, CSS",7,Intermediate,Mornings,6,0,4.7,76,Passionate Web Development professional with 7+ years of industry experience.,linkedin.com/in/mentor116,2022-06-05
M0117,Zara Davis,mentor117@mentornet.io,Female,Australia,Blockchain,"Ethereum, Smart Contracts, Web3.js",4,Intermediate,Weekends,4,50,4.8,50,Passionate Blockchain professional with 4+ years of industry experience.,linkedin.com/in/mentor117,2021-05-28
M0118,Nadia Lee,mentor118@mentornet.io,Non-binary,France,Cybersecurity,"Penetration Testing, SIEM, Forensics, Ethical Hacking, Network Security",20,Expert,Mornings,6,20,4.8,298,Passionate Cybersecurity professional with 20+ years of industry experience.,linkedin.com/in/mentor118,2020-03-25
M0119,Liam Martinez,mentor119@mentornet.io,Non-binary,Canada,Data Science,"Tableau, Statistics, Python, Scikit-learn, SQL",5,Intermediate,Mornings,4,75,4.9,257,Passionate Data Science professional with 5+ years of industry experience.,linkedin.com/in/mentor119,2021-05-16
M0120,Raj Smith,mentor120@mentornet.io,Male,UK,UI/UX Design,"User Research, Prototyping, Adobe XD, Figma",12,Advanced,Evenings,6,0,4.0,173,Passionate UI/UX Design professional with 12+ years of industry experience.,linkedin.com/in/mentor120,2021-12-08
M0121,Elena Davis,mentor121@mentornet.io,Male,Germany,UI/UX Design,"User Research, Figma, Adobe XD",7,Intermediate,Flexible,3,0,3.6,158,Passionate UI/UX Design professional with 7+ years of industry experience.,linkedin.com/in/mentor121,2022-02-25
M0122,Amara Walker,mentor122@mentornet.io,Female,Germany,Product Management,"Jira, Roadmapping, Scrum, Agile, User Stories",16,Expert,Mornings,5,30,4.8,264,Passionate Product Management professional with 16+ years of industry experience.,linkedin.com/in/mentor122,2020-02-17
M0123,Divya Rossi,mentor123@mentornet.io,Female,Canada,Web Development,"JavaScript, HTML, Django, Vue.js, CSS",15,Expert,Mornings,5,20,4.3,65,Passionate Web Development professional with 15+ years of industry experience.,linkedin.com/in/mentor123,2022-06-01
M0124,Elena Clark,mentor124@mentornet.io,Prefer not to say,Germany,Machine Learning,"OpenCV, TensorFlow, PyTorch",11,Advanced,Evenings,6,20,3.6,268,Passionate Machine Learning professional with 11+ years of industry experience.,linkedin.com/in/mentor124,2022-07-11
M0125,Alex Thompson,mentor125@mentornet.io,Male,UK,Blockchain,"Web3.js, Smart Contracts, Ethereum",11,Advanced,Mornings,4,100,3.7,270,Passionate Blockchain professional with 11+ years of industry experience.,linkedin.com/in/mentor125,2022-04-02
M0126,Liam Patel,mentor126@mentornet.io,Female,Germany,Blockchain,"DeFi, Web3.js, Solidity, Smart Contracts",4,Intermediate,Evenings,6,20,3.7,163,Passionate Blockchain professional with 4+ years of industry experience.,linkedin.com/in/mentor126,2021-11-19
M0127,Sana Brown,mentor127@mentornet.io,Non-binary,Brazil,Blockchain,"Smart Contracts, DeFi, Web3.js",19,Expert,Weekdays,5,50,4.0,23,Passionate Blockchain professional with 19+ years of industry experience.,linkedin.com/in/mentor127,2022-08-29
M0128,Emma Taylor,mentor128@mentornet.io,Prefer not to say,UK,Cloud Computing,"Terraform, Docker, Kubernetes, AWS, GCP",10,Advanced,Weekdays,6,75,3.7,19,Passionate Cloud Computing professional with 10+ years of industry experience.,linkedin.com/in/mentor128,2022-06-22
M0129,Sofia Ali,mentor129@mentornet.io,Female,Nigeria,DevOps,"Monitoring, Ansible, CI/CD, Git, Shell Scripting",16,Expert,Mornings,3,50,4.0,254,Passionate DevOps professional with 16+ years of industry experience.,linkedin.com/in/mentor129,2022-12-12
M0130,Aisha Rossi,mentor130@mentornet.io,Non-binary,Singapore,UI/UX Design,"Wireframing, User Research, Figma, Prototyping",13,Expert,Evenings,6,20,3.8,162,Passionate UI/UX Design professional with 13+ years of industry experience.,linkedin.com/in/mentor130,2021-08-14
M0131,Michael Brown,mentor131@mentornet.io,Non-binary,Singapore,Cybersecurity,"Forensics, Ethical Hacking, Penetration Testing, SIEM, Network Security",18,Expert,Evenings,3,20,3.6,50,Passionate Cybersecurity professional with 18+ years of industry experience.,linkedin.com/in/mentor131,2021-12-10
M0132,Hannah Wang,mentor132@mentornet.io,Female,Singapore,Mobile Development,"Android, Swift, React Native, Flutter",11,Advanced,Mornings,6,0,3.9,281,Passionate Mobile Development professional with 11+ years of industry experience.,linkedin.com/in/mentor132,2021-04-07
M0133,Aarav Ali,mentor133@mentornet.io,Non-binary,Brazil,Cybersecurity,"SIEM, Penetration Testing, Forensics",4,Intermediate,Weekends,5,75,4.9,253,Passionate Cybersecurity professional with 4+ years of industry experience.,linkedin.com/in/mentor133,2022-09-04
M0134,Michael Osei,mentor134@mentornet.io,Male,USA,Cybersecurity,"Ethical Hacking, SIEM, Forensics, Penetration Testing, Network Security",12,Advanced,Flexible,3,0,5.0,213,Passionate Cybersecurity professional with 12+ years of industry experience.,linkedin.com/in/mentor134,2022-10-11
M0135,Liam Sharma,mentor135@mentornet.io,Non-binary,France,Machine Learning,"TensorFlow, Keras, NLP, PyTorch, OpenCV",12,Advanced,Weekends,6,30,3.9,67,Passionate Machine Learning professional with 12+ years of industry experience.,linkedin.com/in/mentor135,2021-11-08
M0136,Daniel White,mentor136@mentornet.io,Female,India,Machine Learning,"Keras, Deep Learning, PyTorch, TensorFlow, OpenCV",17,Expert,Flexible,6,20,3.6,58,Passionate Machine Learning professional with 17+ years of industry experience.,linkedin.com/in/mentor136,2021-01-13
M0137,Michael Young,mentor137@mentornet.io,Female,India,Machine Learning,"OpenCV, PyTorch, Deep Learning, NLP",18,Expert,Evenings,4,50,4.6,15,Passionate Machine Learning professional with 18+ years of industry experience.,linkedin.com/in/mentor137,2021-06-19
M0138,Emma Thompson,mentor138@mentornet.io,Male,Brazil,DevOps,"Jenkins, Ansible, Git, Monitoring",10,Advanced,Weekdays,4,20,4.4,122,Passionate DevOps professional with 10+ years of industry experience.,linkedin.com/in/mentor138,2020-09-30
M0139,Raj Harris,mentor139@mentornet.io,Non-binary,Nigeria,Mobile Development,"Android, Kotlin, React Native, Flutter, Swift",7,Intermediate,Mornings,5,50,4.6,49,Passionate Mobile Development professional with 7+ years of industry experience.,linkedin.com/in/mentor139,2023-03-01
M0140,Yusuf Hall,mentor140@mentornet.io,Female,France,Web Development,"CSS, Vue.js, JavaScript, React, HTML",4,Intermediate,Weekends,6,30,3.6,271,Passionate Web Development professional with 4+ years of industry experience.,linkedin.com/in/mentor140,2022-07-01
M0141,Carlos Davis,mentor141@mentornet.io,Prefer not to say,Brazil,Data Science,"Python, Statistics, Tableau, SQL, Pandas",17,Expert,Weekdays,5,20,4.7,121,Passionate Data Science professional with 17+ years of industry experience.,linkedin.com/in/mentor141,2023-03-30
M0142,Kofi Tremblay,mentor142@mentornet.io,Male,Singapore,Web Development,"HTML, React, Vue.js",4,Intermediate,Evenings,5,0,4.7,225,Passionate Web Development professional with 4+ years of industry experience.,linkedin.com/in/mentor142,2022-02-05
M0143,Rohan Kumar,mentor143@mentornet.io,Male,Singapore,UI/UX Design,"Wireframing, Figma, User Research",17,Expert,Mornings,5,50,3.7,124,Passionate UI/UX Design professional with 17+ years of industry experience.,linkedin.com/in/mentor143,2020-01-08
M0144,Raj Thompson,mentor144@mentornet.io,Prefer not to say,Singapore,Data Science,"Scikit-learn, R, Pandas, Tableau",12,Advanced,Evenings,3,20,3.8,67,Passionate Data Science professional with 12+ years of industry experience.,linkedin.com/in/mentor144,2020-03-06
M0145,Amara Wang,mentor145@mentornet.io,Male,USA,UI/UX Design,"Figma, User Research, Wireframing, Prototyping, Adobe XD",3,Intermediate,Weekdays,5,30,3.9,121,Passionate UI/UX Design professional with 3+ years of industry experience.,linkedin.com/in/mentor145,2020-04-25
M0146,Kiran Garcia,mentor146@mentornet.io,Non-binary,France,Machine Learning,"Deep Learning, Keras, PyTorch, OpenCV, TensorFlow",19,Expert,Mornings,3,30,4.0,41,Passionate Machine Learning professional with 19+ years of industry experience.,linkedin.com/in/mentor146,2023-02-14
M0147,Kofi Wilson,mentor147@mentornet.io,Prefer not to say,India,Product Management,"Jira, User Stories, Roadmapping, OKRs",8,Advanced,Flexible,5,0,3.9,104,Passionate Product Management professional with 8+ years of industry experience.,linkedin.com/in/mentor147,2023-01-06
M0148,Lucas Osei,mentor148@mentornet.io,Female,Brazil,Mobile Development,"Android, Kotlin, iOS",10,Advanced,Mornings,6,0,4.1,140,Passionate Mobile Development professional with 10+ years of industry experience.,linkedin.com/in/mentor148,2021-02-20
M0149,Isabelle Walker,mentor149@mentornet.io,Non-binary,USA,DevOps,"Shell Scripting, Jenkins, CI/CD, Monitoring, Git",5,Intermediate,Mornings,6,0,4.8,106,Passionate DevOps professional with 5+ years of industry experience.,linkedin.com/in/mentor149,2023-02-18
M0150,Fatima Walker,mentor150@mentornet.io,Non-binary,Australia,Cybersecurity,"SIEM, Ethical Hacking, Forensics",18,Expert,Weekdays,5,0,4.5,114,Passionate Cybersecurity professional with 18+ years of industry experience.,linkedin.com/in/mentor150,2022-03-23
M0151,Michael Clark,mentor151@mentornet.io,Non-binary,Nigeria,Cybersecurity,"Ethical Hacking, Forensics, SIEM, Network Security",20,Expert,Evenings,6,30,4.2,250,Passionate Cybersecurity professional with 20+ years of industry experience.,linkedin.com/in/mentor151,2021-10-17
M0152,Michael Ali,mentor152@mentornet.io,Male,France,Cybersecurity,"SIEM, Penetration Testing, Ethical Hacking",14,Expert,Mornings,6,50,4.6,161,Passionate Cybersecurity professional with 14+ years of industry experience.,linkedin.com/in/mentor152,2020-11-08
M0153,Lucas Kumar,mentor153@mentornet.io,Female,Brazil,Cybersecurity,"Forensics, Ethical Hacking, SIEM, Network Security, Penetration Testing",13,Expert,Weekends,4,0,3.7,289,Passionate Cybersecurity professional with 13+ years of industry experience.,linkedin.com/in/mentor153,2022-09-27
M0154,Emma Davis,mentor154@mentornet.io,Male,USA,Machine Learning,"TensorFlow, Deep Learning, OpenCV, NLP, Keras",20,Expert,Weekdays,3,0,3.8,243,Passionate Machine Learning professional with 20+ years of industry experience.,linkedin.com/in/mentor154,2022-02-03
M0155,Omar Sharma,mentor155@mentornet.io,Male,Singapore,Data Science,"Tableau, Python, Pandas, SQL, Scikit-learn",18,Expert,Evenings,2,50,4.7,230,Passionate Data Science professional with 18+ years of industry experience.,linkedin.com/in/mentor155,2021-01-02
M0156,Ethan Lee,mentor156@mentornet.io,Female,Canada,Web Development,"Node.js, JavaScript, Django, Vue.js, CSS",6,Intermediate,Weekdays,4,30,4.2,134,Passionate Web Development professional with 6+ years of industry experience.,linkedin.com/in/mentor156,2021-04-07
M0157,Liam Smith,mentor157@mentornet.io,Prefer not to say,Nigeria,Cloud Computing,"Docker, Kubernetes, AWS, GCP",5,Intermediate,Weekdays,3,0,4.2,232,Passionate Cloud Computing professional with 5+ years of industry experience.,linkedin.com/in/mentor157,2021-11-09
M0158,Ethan Young,mentor158@mentornet.io,Male,Canada,Product Management,"Jira, OKRs, User Stories",6,Intermediate,Evenings,2,0,4.5,153,Passionate Product Management professional with 6+ years of industry experience.,linkedin.com/in/mentor158,2023-01-17
M0159,Aisha Young,mentor159@mentornet.io,Non-binary,India,Product Management,"OKRs, Scrum, User Stories",4,Intermediate,Weekdays,4,0,4.3,300,Passionate Product Management professional with 4+ years of industry experience.,linkedin.com/in/mentor159,2022-03-07
M0160,Rohan Clark,mentor160@mentornet.io,Female,USA,Blockchain,"Smart Contracts, Solidity, Web3.js, Ethereum, DeFi",13,Expert,Weekdays,4,50,4.7,213,Passionate Blockchain professional with 13+ years of industry experience.,linkedin.com/in/mentor160,2021-10-30
M0161,Isabelle Brown,mentor161@mentornet.io,Female,Germany,Data Science,"Tableau, Scikit-learn, R, Pandas, Python",11,Advanced,Mornings,4,100,3.9,47,Passionate Data Science professional with 11+ years of industry experience.,linkedin.com/in/mentor161,2020-06-17
M0162,Rohan White,mentor162@mentornet.io,Female,Nigeria,Cloud Computing,"GCP, AWS, Docker, Kubernetes",7,Intermediate,Evenings,5,20,4.6,62,Passionate Cloud Computing professional with 7+ years of industry experience.,linkedin.com/in/mentor162,2020-09-28
M0163,Kofi Rossi,mentor163@mentornet.io,Prefer not to say,USA,Web Development,"HTML, JavaScript, Node.js",8,Advanced,Weekdays,6,50,4.7,207,Passionate Web Development professional with 8+ years of industry experience.,linkedin.com/in/mentor163,2020-01-26
M0164,Rohan Clark,mentor164@mentornet.io,Male,Singapore,Cloud Computing,"Docker, Terraform, Azure",16,Expert,Flexible,3,0,3.9,147,Passionate Cloud Computing professional with 16+ years of industry experience.,linkedin.com/in/mentor164,2022-10-06
M0165,James Ali,mentor165@mentornet.io,Non-binary,Nigeria,Machine Learning,"OpenCV, TensorFlow, Keras, PyTorch",5,Intermediate,Weekends,5,50,4.4,244,Passionate Machine Learning professional with 5+ years of industry experience.,linkedin.com/in/mentor165,2020-08-07
M0166,Arjun Kumar,mentor166@mentornet.io,Non-binary,France,Machine Learning,"Keras, OpenCV, Deep Learning, PyTorch",12,Advanced,Mornings,3,20,4.0,112,Passionate Machine Learning professional with 12+ years of industry experience.,linkedin.com/in/mentor166,2022-09-08
M0167,Mei Silva,mentor167@mentornet.io,Non-binary,Brazil,DevOps,"Jenkins, Git, Ansible, Shell Scripting, Monitoring",8,Advanced,Evenings,2,50,3.8,289,Passionate DevOps professional with 8+ years of industry experience.,linkedin.com/in/mentor167,2021-01-03
M0168,Raj White,mentor168@mentornet.io,Female,Brazil,Blockchain,"Solidity, Web3.js, Smart Contracts, Ethereum",3,Intermediate,Weekends,4,0,3.9,88,Passionate Blockchain professional with 3+ years of industry experience.,linkedin.com/in/mentor168,2022-05-16
M0169,Isabelle Anderson,mentor169@mentornet.io,Prefer not to say,France,UI/UX Design,"Prototyping, User Research, Wireframing, Figma",5,Intermediate,Evenings,6,50,4.5,53,Passionate UI/UX Design professional with 5+ years of industry experience.,linkedin.com/in/mentor169,2020-08-11
M0170,James Martinez,mentor170@mentornet.io,Male,France,Cybersecurity,"Network Security, Forensics, SIEM, Penetration Testing, Ethical Hacking",14,Expert,Weekdays,4,0,4.3,275,Passionate Cybersecurity professional with 14+ years of industry experience.,linkedin.com/in/mentor170,2023-02-16
M0171,Isabelle Tremblay,mentor171@mentornet.io,Prefer not to say,Brazil,Product Management,"OKRs, Jira, Scrum, User Stories, Agile",10,Advanced,Flexible,2,20,4.1,53,Passionate Product Management professional with 10+ years of industry experience.,linkedin.com/in/mentor171,2020-08-25
M0172,Sarah Silva,mentor172@mentornet.io,Prefer not to say,Canada,Machine Learning,"OpenCV, Keras, Deep Learning, TensorFlow, PyTorch",14,Expert,Flexible,4,0,4.0,68,Passionate Machine Learning professional with 14+ years of industry experience.,linkedin.com/in/mentor172,2020-02-16
M0173,James Young,mentor173@mentornet.io,Female,Singapore,DevOps,"Monitoring, Jenkins, Git",6,Intermediate,Mornings,5,30,3.8,217,Passionate DevOps professional with 6+ years of industry experience.,linkedin.com/in/mentor173,2021-01-12
M0174,Mei Sharma,mentor174@mentornet.io,Female,Brazil,Machine Learning,"OpenCV, Deep Learning, TensorFlow, Keras, NLP",16,Expert,Weekends,4,100,4.6,42,Passionate Machine Learning professional with 16+ years of industry experience.,linkedin.com/in/mentor174,2023-03-28
M0175,Aisha Tremblay,mentor175@mentornet.io,Non-binary,Canada,Web Development,"HTML, JavaScript, React, Django",20,Expert,Mornings,5,50,4.1,68,Passionate Web Development professional with 20+ years of industry experience.,linkedin.com/in/mentor175,2021-12-13
M0176,Alex Kim,mentor176@mentornet.io,Non-binary,France,DevOps,"CI/CD, Jenkins, Git, Shell Scripting, Ansible",17,Expert,Evenings,2,0,4.1,82,Passionate DevOps professional with 17+ years of industry experience.,linkedin.com/in/mentor176,2022-11-12
M0177,Pooja Lee,mentor177@mentornet.io,Prefer not to say,Nigeria,UI/UX Design,"User Research, Adobe XD, Wireframing",16,Expert,Weekends,5,20,3.7,171,Passionate UI/UX Design professional with 16+ years of industry experience.,linkedin.com/in/mentor177,2022-07-12
M0178,Ahmed Sharma,mentor178@mentornet.io,Prefer not to say,UK,Product Management,"User Stories, OKRs, Jira",4,Intermediate,Flexible,5,30,4.6,237,Passionate Product Management professional with 4+ years of industry experience.,linkedin.com/in/mentor178,2022-09-27
M0179,Chloe Sharma,mentor179@mentornet.io,Female,Australia,Machine Learning,"Keras, PyTorch, Deep Learning",5,Intermediate,Weekends,5,50,4.6,263,Passionate Machine Learning professional with 5+ years of industry experience.,linkedin.com/in/mentor179,2023-01-30
M0180,Chloe Johnson,mentor180@mentornet.io,Non-binary,Singapore,Blockchain,"DeFi, Solidity, Smart Contracts, Ethereum",6,Intermediate,Mornings,3,30,3.7,136,Passionate Blockchain professional with 6+ years of industry experience.,linkedin.com/in/mentor180,2021-09-01
M0181,Daniel Tremblay,mentor181@mentornet.io,Male,Brazil,Data Science,"Scikit-learn, R, Pandas",17,Expert,Mornings,4,100,4.6,229,Passionate Data Science professional with 17+ years of industry experience.,linkedin.com/in/mentor181,2020-12-05
M0182,Fatima Robinson,mentor182@mentornet.io,Female,India,Product Management,"Roadmapping, OKRs, Jira, User Stories, Agile",7,Intermediate,Evenings,4,20,4.4,273,Passionate Product Management professional with 7+ years of industry experience.,linkedin.com/in/mentor182,2020-07-14
M0183,Emma Müller,mentor183@mentornet.io,Female,UK,Machine Learning,"PyTorch, Keras, Deep Learning",16,Expert,Flexible,5,0,4.4,147,Passionate Machine Learning professional with 16+ years of industry experience.,linkedin.com/in/mentor183,2022-04-28
M0184,Noah Martinez,mentor184@mentornet.io,Male,Nigeria,UI/UX Design,"Wireframing, Prototyping, Adobe XD, User Research, Figma",17,Expert,Mornings,2,100,4.7,57,Passionate UI/UX Design professional with 17+ years of industry experience.,linkedin.com/in/mentor184,2022-07-27
M0185,Sana Kumar,mentor185@mentornet.io,Female,Nigeria,DevOps,"Ansible, Git, Monitoring",5,Intermediate,Evenings,4,50,4.4,299,Passionate DevOps professional with 5+ years of industry experience.,linkedin.com/in/mentor185,2022-09-20
M0186,Liam Johnson,mentor186@mentornet.io,Prefer not to say,India,DevOps,"Jenkins, Ansible, Monitoring",4,Intermediate,Weekdays,5,0,5.0,77,Passionate DevOps professional with 4+ years of industry experience.,linkedin.com/in/mentor186,2021-09-10
M0187,Olivia Martinez,mentor187@mentornet.io,Non-binary,Australia,Machine Learning,"Keras, PyTorch, TensorFlow",11,Advanced,Flexible,4,75,4.5,129,Passionate Machine Learning professional with 11+ years of industry experience.,linkedin.com/in/mentor187,2022-05-29
M0188,Arjun Wang,mentor188@mentornet.io,Prefer not to say,USA,Web Development,"Node.js, CSS, Vue.js",6,Intermediate,Flexible,2,0,4.5,71,Passionate Web Development professional with 6+ years of industry experience.,linkedin.com/in/mentor188,2022-05-14
M0189,Noah Garcia,mentor189@mentornet.io,Prefer not to say,USA,Machine Learning,"TensorFlow, Deep Learning, Keras, PyTorch, OpenCV",18,Expert,Weekends,5,100,4.7,78,Passionate Machine Learning professional with 18+ years of industry experience.,linkedin.com/in/mentor189,2020-10-19
M0190,Chloe Sharma,mentor190@mentornet.io,Female,Brazil,Web Development,"Django, CSS, Vue.js, React",19,Expert,Mornings,5,100,3.8,61,Passionate Web Development professional with 19+ years of industry experience.,linkedin.com/in/mentor190,2020-10-13
M0191,Ahmed Ali,mentor191@mentornet.io,Non-binary,UK,Web Development,"JavaScript, Django, HTML",15,Expert,Weekends,6,50,4.4,155,Passionate Web Development professional with 15+ years of industry experience.,linkedin.com/in/mentor191,2020-02-24
M0192,Ethan Anderson,mentor192@mentornet.io,Female,Nigeria,Cloud Computing,"Terraform, AWS, Azure, Kubernetes",9,Advanced,Flexible,2,0,4.2,46,Passionate Cloud Computing professional with 9+ years of industry experience.,linkedin.com/in/mentor192,2022-12-17
M0193,Michael Lee,mentor193@mentornet.io,Prefer not to say,France,Data Science,"SQL, Statistics, R, Tableau",14,Expert,Weekdays,2,50,3.6,144,Passionate Data Science professional with 14+ years of industry experience.,linkedin.com/in/mentor193,2021-03-17
M0194,Mei Davis,mentor194@mentornet.io,Non-binary,Singapore,Data Science,"Tableau, Pandas, Scikit-learn, Python",4,Intermediate,Mornings,6,50,3.7,52,Passionate Data Science professional with 4+ years of industry experience.,linkedin.com/in/mentor194,2021-09-26
M0195,Fatima Lewis,mentor195@mentornet.io,Female,Singapore,Web Development,"React, Node.js, HTML, JavaScript",19,Expert,Flexible,3,0,3.9,232,Passionate Web Development professional with 19+ years of industry experience.,linkedin.com/in/mentor195,2020-08-25
M0196,Sarah Thompson,mentor196@mentornet.io,Female,USA,Mobile Development,"iOS, React Native, Flutter",4,Intermediate,Weekends,5,20,4.3,142,Passionate Mobile Development professional with 4+ years of industry experience.,linkedin.com/in/mentor196,2020-12-07
M0197,Nadia Harris,mentor197@mentornet.io,Male,India,DevOps,"Ansible, Git, CI/CD, Jenkins",7,Intermediate,Mornings,2,30,4.2,194,Passionate DevOps professional with 7+ years of industry experience.,linkedin.com/in/mentor197,2020-04-23
M0198,Elena Kim,mentor198@mentornet.io,Non-binary,USA,Mobile Development,"iOS, Flutter, React Native, Swift, Android",8,Advanced,Weekdays,2,0,3.6,196,Passionate Mobile Development professional with 8+ years of industry experience.,linkedin.com/in/mentor198,2022-02-23
M0199,Liam Wilson,mentor199@mentornet.io,Prefer not to say,Canada,Machine Learning,"PyTorch, OpenCV, Keras, Deep Learning",8,Advanced,Weekdays,6,20,3.7,36,Passionate Machine Learning professional with 8+ years of industry experience.,linkedin.com/in/mentor199,2021-01-02
M0200,Liam Kumar,mentor200@mentornet.io,Male,Brazil,Cybersecurity,"Forensics, Ethical Hacking, Penetration Testing, SIEM",19,Expert,Weekdays,4,0,3.9,165,Passionate Cybersecurity professional with 19+ years of industry experience.,linkedin.com/in/mentor200,2021-05-11
