mentee_id,name,email,gender,country,domain_interest,current_skills,goal,experience_level,availability,budget_usd,preferred_gender,joined_date
T0001,Elena Taylor,mentee1@mentornet.io,Prefer not to say,Canada,Mobile Development,"Android, React Native, iOS",Improve Mobile Development skills and land a job in 6 months.,Intermediate,Weekdays,20,Female,2021-12-21
T0002,Riya Sharma,mentee2@mentornet.io,Prefer not to say,Australia,Data Science,R,Improve Data Science skills and land a job in 18 months.,Beginner,Flexible,100,No preference,2021-05-26
T0003,Olivia Patel,mentee3@mentornet.io,Female,Singapore,Cloud Computing,"Terraform, GCP",Improve Cloud Computing skills and land a job in 12 months.,Advanced,Weekdays,150,No preference,2022-06-02
T0004,Mei Smith,mentee4@mentornet.io,Male,Nigeria,Machine Learning,"PyTorch, Deep Learning, Keras",Improve Machine Learning skills and land a job in 12 months.,Intermediate,Flexible,50,Male,2022-04-09
T0005,Lucas Smith,mentee5@mentornet.io,Female,UK,Cloud Computing,"AWS, Azure, Terraform",Improve Cloud Computing skills and land a job in 6 months.,Intermediate,Flexible,50,Male,2021-05-04
T0006,Ahmed Clark,mentee6@mentornet.io,Female,Brazil,Blockchain,"Web3.js, Smart Contracts",Improve Blockchain skills and land a job in 6 months.,Beginner,Weekends,50,Female,2022-12-15
T0007,Liam Wang,mentee7@mentornet.io,Non-binary,UK,Product Management,Jira,Improve Product Management skills and land a job in 6 months.,Intermediate,Flexible,150,No preference,2022-11-25
T0008,Daniel Robinson,mentee8@mentornet.io,Female,India,Cloud Computing,"Kubernetes, Docker",Improve Cloud Computing skills and land a job in 18 months.,Advanced,Weekends,0,Male,2021-04-15
T0009,Zara Sharma,mentee9@mentornet.io,Male,Canada,Machine Learning,PyTorch,Improve Machine Learning skills and land a job in 12 months.,Intermediate,Weekdays,150,Female,2021-09-23
T0010,Priya Smith,mentee10@mentornet.io,Female,Brazil,Web Development,HTML,Improve Web Development skills and land a job in 12 months.,Beginner,Weekdays,100,No preference,2021-06-22
T0011,Kofi Robinson,mentee11@mentornet.io,Prefer not to say,Brazil,Product Management,User Stories,Improve Product Management skills and land a job in 18 months.,Intermediate,Weekends,50,No preference,2021-07-11
T0012,Nadia Rossi,mentee12@mentornet.io,Female,India,Cloud Computing,"Docker, Terraform, Azure",Improve Cloud Computing skills and land a job in 18 months.,Intermediate,Flexible,100,Female,2022-05-06
T0013,Olivia Müller,mentee13@mentornet.io,Prefer not to say,UK,Data Science,"R, Pandas",Improve Data Science skills and land a job in 18 months.,Beginner,Mornings,0,Male,2023-03-12
T0014,Hannah Wilson,mentee14@mentornet.io,Prefer not to say,Germany,DevOps,"Monitoring, Git, Ansible",Improve DevOps skills and land a job in 12 months.,Beginner,Weekdays,50,Female,2021-08-13
T0015,Nadia Patel,mentee15@mentornet.io,Prefer not to say,Singapore,Data Science,"Scikit-learn, Statistics",Improve Data Science skills and land a job in 6 months.,Beginner,Weekdays,20,Female,2021-09-04
T0016,Sana Robinson,mentee16@mentornet.io,Male,Canada,Cloud Computing,"Kubernetes, GCP, Azure",Improve Cloud Computing skills and land a job in 6 months.,Beginner,Mornings,50,Female,2022-12-16
T0017,Ivan Sharma,mentee17@mentornet.io,Non-binary,France,DevOps,"Jenkins, Monitoring, Shell Scripting",Improve DevOps skills and land a job in 12 months.,Advanced,Evenings,20,Male,2021-02-08
T0018,Emma Garcia,mentee18@mentornet.io,Female,India,Web Development,"React, HTML, JavaScript",Improve Web Development skills and land a job in 18 months.,Beginner,Weekends,50,Female,2021-07-01
T0019,Emma Sharma,mentee19@mentornet.io,Female,France,DevOps,"Jenkins, CI/CD, Git",Improve DevOps skills and land a job in 6 months.,Intermediate,Flexible,150,No preference,2021-12-11
T0020,Michael Lee,mentee20@mentornet.io,Female,Nigeria,Cloud Computing,"Kubernetes, GCP, Azure",Improve Cloud Computing skills and land a job in 18 months.,Advanced,Mornings,50,No preference,2022-11-13
T0021,Aisha Kumar,mentee21@mentornet.io,Non-binary,Australia,Product Management,Scrum,Improve Product Management skills and land a job in 18 months.,Beginner,Mornings,100,Female,2021-02-03
T0022,Pooja Silva,mentee22@mentornet.io,Female,France,Machine Learning,OpenCV,Improve Machine Learning skills and land a job in 6 months.,Intermediate,Weekdays,20,Male,2021-11-24
T0023,Olivia Robinson,mentee23@mentornet.io,Non-binary,Brazil,Machine Learning,Keras,Improve Machine Learning skills and land a job in 6 months.,Beginner,Weekdays,50,Male,2023-03-17
T0024,Arjun Patel,mentee24@mentornet.io,Prefer not to say,Brazil,Web Development,"React, CSS, Vue.js",Improve Web Development skills and land a job in 12 months.,Intermediate,Evenings,150,Male,2021-04-14
T0025,Chloe Martinez,mentee25@mentornet.io,Female,UK,Mobile Development,"Flutter, iOS",Improve Mobile Development skills and land a job in 12 months.,Beginner,Evenings,50,No preference,2021-03-17
T0026,James Hall,mentee26@mentornet.io,Prefer not to say,UK,DevOps,"CI/CD, Monitoring, Shell Scripting",Improve DevOps skills and land a job in 12 months.,Advanced,Mornings,100,Female,2021-02-01
T0027,James Anderson,mentee27@mentornet.io,Prefer not to say,UK,UI/UX Design,Figma,Improve UI/UX Design skills and land a job in 12 months.,Beginner,Weekends,100,Female,2022-07-22
T0028,Daniel Thompson,mentee28@mentornet.io,Non-binary,Australia,Blockchain,Solidity,Improve Blockchain skills and land a job in 6 months.,Intermediate,Mornings,150,Male,2021-06-07
T0029,Elena Sharma,mentee29@mentornet.io,Prefer not to say,USA,Data Science,"Scikit-learn, Pandas",Improve Data Science skills and land a job in 18 months.,Advanced,Flexible,20,No preference,2021-01-27
T0030,James Martinez,mentee30@mentornet.io,Non-binary,USA,Cybersecurity,"Penetration Testing, Forensics",Improve Cybersecurity skills and land a job in 12 months.,Intermediate,Flexible,50,No preference,2022-10-20
T0031,Rohan Kim,mentee31@mentornet.io,Non-binary,Nigeria,Blockchain,"Ethereum, Web3.js",Improve Blockchain skills and land a job in 6 months.,Intermediate,Flexible,100,Male,2021-08-20
T0032,Chloe Patel,mentee32@mentornet.io,Female,USA,Cloud Computing,Terraform,Improve Cloud Computing skills and land a job in 12 months.,Advanced,Flexible,150,No preference,2022-07-21
T0033,Rohan Robinson,mentee33@mentornet.io,Prefer not to say,Singapore,Data Science,"Scikit-learn, Tableau, Statistics",Improve Data Science skills and land a job in 6 months.,Intermediate,Evenings,0,Male,2023-05-25
T0034,Divya Taylor,mentee34@mentornet.io,Female,USA,Data Science,"R, Scikit-learn",Improve Data Science skills and land a job in 6 months.,Beginner,Weekends,0,Male,2021-03-22
T0035,Wei Robinson,mentee35@mentornet.io,Female,France,UI/UX Design,"Wireframing, Figma",Improve UI/UX Design skills and land a job in 6 months.,Intermediate,Mornings,100,Female,2021-11-30
T0036,Ethan Rossi,mentee36@mentornet.io,Male,France,Cloud Computing,"Docker, Kubernetes, AWS",Improve Cloud Computing skills and land a job in 12 months.,Beginner,Weekends,150,Female,2022-08-20
T0037,Aarav Taylor,mentee37@mentornet.io,Male,Australia,Web Development,"JavaScript, React, Vue.js",Improve Web Development skills and land a job in 12 months.,Advanced,Flexible,150,Female,2022-04-30
T0038,Aisha Müller,mentee38@mentornet.io,Prefer not to say,UK,Data Science,"Statistics, Pandas, Tableau",Improve Data Science skills and land a job in 6 months.,Intermediate,Evenings,20,No preference,2023-02-03
T0039,Nadia Hall,mentee39@mentornet.io,Non-binary,India,Mobile Development,"Swift, iOS",Improve Mobile Development skills and land a job in 12 months.,Intermediate,Weekdays,20,No preference,2021-11-04
T0040,Michael Müller,mentee40@mentornet.io,Prefer not to say,France,Mobile Development,"Flutter, React Native, Kotlin",Improve Mobile Development skills and land a job in 6 months.,Intermediate,Flexible,150,Male,2023-04-21
T0041,Divya Lewis,mentee41@mentornet.io,Female,USA,Data Science,"Pandas, Statistics",Improve Data Science skills and land a job in 12 months.,Beginner,Mornings,150,No preference,2021-06-27
T0042,Wei Robinson,mentee42@mentornet.io,Male,Canada,Cybersecurity,Network Security,Improve Cybersecurity skills and land a job in 6 months.,Intermediate,Weekends,50,Male,2023-04-24
T0043,Divya Kumar,mentee43@mentornet.io,Male,India,Mobile Development,Swift,Improve Mobile Development skills and land a job in 12 months.,Advanced,Flexible,20,Male,2022-08-24
T0044,Ahmed Tremblay,mentee44@mentornet.io,Female,Australia,Blockchain,"Solidity, Smart Contracts, DeFi",Improve Blockchain skills and land a job in 12 months.,Beginner,Weekends,150,No preference,2023-05-28
T0045,Lucas Thompson,mentee45@mentornet.io,Female,Australia,Cybersecurity,"Network Security, Penetration Testing, Forensics",Improve Cybersecurity skills and land a job in 6 months.,Intermediate,Weekends,20,Female,2023-04-01
T0046,Lucas Müller,mentee46@mentornet.io,Non-binary,Australia,Data Science,"Tableau, SQL",Improve Data Science skills and land a job in 12 months.,Intermediate,Weekends,100,Male,2022-11-25
T0047,Alex Kumar,mentee47@mentornet.io,Male,India,Blockchain,"Smart Contracts, DeFi, Ethereum",Improve Blockchain skills and land a job in 18 months.,Beginner,Flexible,0,Male,2021-10-11
T0048,Nadia Müller,mentee48@mentornet.io,Non-binary,Canada,DevOps,Monitoring,Improve DevOps skills and land a job in 6 months.,Beginner,Mornings,100,Female,2021-11-24
T0049,Priya Martinez,mentee49@mentornet.io,Prefer not to say,Australia,Machine Learning,"OpenCV, Deep Learning",Improve Machine Learning skills and land a job in 12 months.,Advanced,Weekdays,150,Female,2022-08-09
T0050,Riya Harris,mentee50@mentornet.io,Female,Singapore,Cybersecurity,"Network Security, Forensics, Ethical Hacking",Improve Cybersecurity skills and land a job in 12 months.,Beginner,Mornings,20,Male,2021-04-10
T0051,Carlos Harris,mentee51@mentornet.io,Non-binary,Singapore,Mobile Development,iOS,Improve Mobile Development skills and land a job in 12 months.,Advanced,Weekdays,20,Male,2021-08-17
T0052,Tyler Lewis,mentee52@mentornet.io,Non-binary,Germany,Cloud Computing,"Docker, GCP",Improve Cloud Computing skills and land a job in 12 months.,Beginner,Flexible,0,Female,2022-08-21
T0053,Alex Smith,mentee53@mentornet.io,Prefer not to say,Canada,Product Management,"Agile, User Stories, Roadmapping",Improve Product Management skills and land a job in 12 months.,Beginner,Weekends,20,No preference,2021-12-17
T0054,Chloe Hall,mentee54@mentornet.io,Prefer not to say,UK,UI/UX Design,"Adobe XD, Figma",Improve UI/UX Design skills and land a job in 12 months.,Intermediate,Weekends,50,Female,2021-03-01
T0055,Isabelle Müller,mentee55@mentornet.io,Female,UK,Data Science,"Scikit-learn, R, Tableau",Improve Data Science skills and land a job in 6 months.,Beginner,Mornings,100,Female,2022-03-16
T0056,Kofi Brown,mentee56@mentornet.io,Prefer not to say,India,UI/UX Design,Prototyping,Improve UI/UX Design skills and land a job in 6 months.,Advanced,Evenings,0,Male,2023-02-15
T0057,Wei Sharma,mentee57@mentornet.io,Male,Canada,Blockchain,Smart Contracts,Improve Blockchain skills and land a job in 12 months.,Beginner,Weekdays,100,Female,2022-08-26
T0058,James Smith,mentee58@mentornet.io,Male,Australia,Cloud Computing,"Kubernetes, Docker",Improve Cloud Computing skills and land a job in 18 months.,Advanced,Evenings,100,Female,2021-05-18
T0059,Omar Tremblay,mentee59@mentornet.io,Female,UK,DevOps,"CI/CD, Jenkins",Improve DevOps skills and land a job in 6 months.,Advanced,Weekends,20,Female,2021-01-23
T0060,Divya Kim,mentee60@mentornet.io,Male,Germany,Product Management,"Jira, Agile, User Stories",Improve Product Management skills and land a job in 18 months.,Intermediate,Mornings,150,No preference,2022-09-01
T0061,Aarav Martinez,mentee61@mentornet.io,Male,India,Data Science,"Python, Tableau, Pandas",Improve Data Science skills and land a job in 12 months.,Beginner,Mornings,50,Male,2022-12-20
T0062,Fatima White,mentee62@mentornet.io,Male,Australia,Machine Learning,"Deep Learning, TensorFlow",Improve Machine Learning skills and land a job in 18 months.,Advanced,Evenings,150,Female,2022-12-19
T0063,Tyler Robinson,mentee63@mentornet.io,Male,Singapore,Machine Learning,"NLP, TensorFlow, Keras",Improve Machine Learning skills and land a job in 6 months.,Beginner,Flexible,20,Female,2021-07-24
T0064,Ethan Wang,mentee64@mentornet.io,Non-binary,Nigeria,Cloud Computing,"Azure, AWS",Improve Cloud Computing skills and land a job in 18 months.,Intermediate,Weekends,100,Male,2021-08-29
T0065,Arjun Thompson,mentee65@mentornet.io,Male,USA,Data Science,"Pandas, Tableau, R",Improve Data Science skills and land a job in 6 months.,Advanced,Weekdays,0,Male,2022-10-22
T0066,Raj Osei,mentee66@mentornet.io,Non-binary,Brazil,Cybersecurity,Penetration Testing,Improve Cybersecurity skills and land a job in 6 months.,Beginner,Evenings,50,Female,2021-11-17
T0067,Zara Johnson,mentee67@mentornet.io,Male,India,UI/UX Design,Adobe XD,Improve UI/UX Design skills and land a job in 12 months.,Intermediate,Flexible,150,Male,2023-06-19
T0068,Elena Robinson,mentee68@mentornet.io,Non-binary,UK,Web Development,React,Improve Web Development skills and land a job in 12 months.,Intermediate,Evenings,100,Female,2023-05-22
T0069,Tyler Martinez,mentee69@mentornet.io,Female,USA,Mobile Development,iOS,Improve Mobile Development skills and land a job in 18 months.,Beginner,Weekends,0,Male,2022-08-28
T0070,Chloe Thompson,mentee70@mentornet.io,Prefer not to say,UK,Mobile Development,"Kotlin, Swift, Flutter",Improve Mobile Development skills and land a job in 18 months.,Advanced,Weekends,100,Male,2021-04-26
T0071,Isabelle Patel,mentee71@mentornet.io,Male,Australia,UI/UX Design,"Wireframing, Figma, Prototyping",Improve UI/UX Design skills and land a job in 18 months.,Advanced,Mornings,150,No preference,2022-11-17
T0072,Ethan Davis,mentee72@mentornet.io,Male,Nigeria,DevOps,"Shell Scripting, Jenkins, Ansible",Improve DevOps skills and land a job in 12 months.,Advanced,Flexible,20,Female,2022-09-20
T0073,Arjun Martinez,mentee73@mentornet.io,Female,Singapore,Data Science,"Scikit-learn, Tableau",Improve Data Science skills and land a job in 6 months.,Beginner,Flexible,50,No preference,2021-12-05
T0074,Emma Davis,mentee74@mentornet.io,Female,Singapore,Cloud Computing,"Kubernetes, Terraform, Azure",Improve Cloud Computing skills and land a job in 6 months.,Intermediate,Flexible,150,Male,2021-04-01
T0075,Isabelle Silva,mentee75@mentornet.io,Male,Brazil,Mobile Development,"iOS, Flutter, Android",Improve Mobile Development skills and land a job in 12 months.,Intermediate,Weekdays,150,Female,2021-01-01
T0076,Pooja Anderson,mentee76@mentornet.io,Non-binary,Singapore,Web Development,"CSS, Django, React",Improve Web Development skills and land a job in 12 months.,Intermediate,Weekdays,20,Male,2021-12-06
T0077,Alex Anderson,mentee77@mentornet.io,Prefer not to say,Germany,Blockchain,"Web3.js, Solidity, DeFi",Improve Blockchain skills and land a job in 18 months.,Beginner,Weekdays,50,Male,2023-04-30
T0078,Yusuf Davis,mentee78@mentornet.io,Non-binary,USA,Cloud Computing,Azure,Improve Cloud Computing skills and land a job in 12 months.,Beginner,Flexible,0,Male,2022-09-18
T0079,Wei Johnson,mentee79@mentornet.io,Prefer not to say,Canada,Cybersecurity,"SIEM, Forensics",Improve Cybersecurity skills and land a job in 6 months.,Intermediate,Weekdays,150,No preference,2023-03-02
T0080,Raj Thompson,mentee80@mentornet.io,Female,Brazil,Mobile Development,Android,Improve Mobile Development skills and land a job in 18 months.,Beginner,Mornings,100,Female,2022-05-10
T0081,Aisha White,mentee81@mentornet.io,Female,UK,Blockchain,Web3.js,Improve Blockchain skills and land a job in 18 months.,Advanced,Mornings,50,Female,2022-01-29
T0082,Pooja Young,mentee82@mentornet.io,Female,Australia,UI/UX Design,"Wireframing, Prototyping",Improve UI/UX Design skills and land a job in 12 months.,Beginner,Weekends,100,Female,2022-12-18
T0083,Sarah Robinson,mentee83@mentornet.io,Non-binary,Singapore,Blockchain,"Ethereum, DeFi, Solidity",Improve Blockchain skills and land a job in 18 months.,Advanced,Evenings,50,Female,2021-05-16
T0084,Divya Wilson,mentee84@mentornet.io,Non-binary,USA,Machine Learning,"NLP, OpenCV",Improve Machine Learning skills and land a job in 18 months.,Advanced,Flexible,150,Male,2023-06-18
T0085,Arjun Davis,mentee85@mentornet.io,Male,India,UI/UX Design,"Adobe XD, Figma",Improve UI/UX Design skills and land a job in 18 months.,Beginner,Weekends,50,No preference,2021-10-21
T0086,Sofia Robinson,mentee86@mentornet.io,Male,Australia,Cloud Computing,Docker,Improve Cloud Computing skills and land a job in 6 months.,Intermediate,Flexible,0,Female,2023-06-08
T0087,Lucas Harris,mentee87@mentornet.io,Prefer not to say,Canada,Blockchain,"Smart Contracts, Solidity, Ethereum",Improve Blockchain skills and land a job in 12 months.,Intermediate,Evenings,150,No preference,2021-01-14
T0088,Wei Anderson,mentee88@mentornet.io,Prefer not to say,Canada,Cloud Computing,"Terraform, GCP, Azure",Improve Cloud Computing skills and land a job in 18 months.,Beginner,Evenings,100,No preference,2022-12-01
T0089,Aisha Kim,mentee89@mentornet.io,Male,Nigeria,Web Development,React,Improve Web Development skills and land a job in 12 months.,Advanced,Evenings,20,No preference,2022-08-22
T0090,Arjun Silva,mentee90@mentornet.io,Prefer not to say,UK,Cloud Computing,Azure,Improve Cloud Computing skills and land a job in 12 months.,Advanced,Weekdays,150,Female,2021-11-05
T0091,Chloe Wilson,mentee91@mentornet.io,Non-binary,USA,Mobile Development,"Swift, Android, React Native",Improve Mobile Development skills and land a job in 6 months.,Advanced,Weekdays,150,No preference,2022-03-02
T0092,Sana Kumar,mentee92@mentornet.io,Male,Germany,Blockchain,Ethereum,Improve Blockchain skills and land a job in 18 months.,Intermediate,Evenings,50,Male,2021-08-12
T0093,Ethan Brown,mentee93@mentornet.io,Male,USA,Product Management,"Roadmapping, User Stories, Scrum",Improve Product Management skills and land a job in 18 months.,Advanced,Mornings,20,No preference,2022-11-30
T0094,Rohan Young,mentee94@mentornet.io,Male,Nigeria,DevOps,"Monitoring, Git",Improve DevOps skills and land a job in 6 months.,Advanced,Evenings,150,Female,2022-04-02
T0095,Liam Osei,mentee95@mentornet.io,Female,Germany,Mobile Development,"Flutter, iOS, React Native",Improve Mobile Development skills and land a job in 18 months.,Advanced,Weekdays,0,No preference,2022-11-18
T0096,Kofi Robinson,mentee96@mentornet.io,Male,Canada,Cybersecurity,"Network Security, Penetration Testing, Forensics",Improve Cybersecurity skills and land a job in 18 months.,Beginner,Weekdays,100,Female,2021-12-06
T0097,Olivia Smith,mentee97@mentornet.io,Male,UK,Data Science,"Statistics, Python",Improve Data Science skills and land a job in 18 months.,Beginner,Evenings,100,Male,2022-04-07
T0098,Kofi Silva,mentee98@mentornet.io,Male,Nigeria,UI/UX Design,"Figma, Prototyping, Wireframing",Improve UI/UX Design skills and land a job in 18 months.,Advanced,Weekdays,150,No preference,2022-12-19
T0099,Ahmed Young,mentee99@mentornet.io,Male,Australia,Web Development,"JavaScript, Node.js, HTML",Improve Web Development skills and land a job in 12 months.,Intermediate,Flexible,100,Female,2021-02-01
T0100,James Wilson,mentee100@mentornet.io,Female,UK,Mobile Development,"Kotlin, Android, Swift",Improve Mobile Development skills and land a job in 18 months.,Beginner,Evenings,50,No preference,2022-07-21
T0101,Sofia Johnson,mentee101@mentornet.io,Male,India,Blockchain,"DeFi, Web3.js, Smart Contracts",Improve Blockchain skills and land a job in 18 months.,Beginner,Evenings,20,Female,2023-01-30
T0102,Fatima Ali,mentee102@mentornet.io,Female,UK,DevOps,Jenkins,Improve DevOps skills and land a job in 18 months.,Intermediate,Weekends,0,No preference,2022-11-19
T0103,Emma Walker,mentee103@mentornet.io,Prefer not to say,Singapore,Product Management,Roadmapping,Improve Product Management skills and land a job in 18 months.,Beginner,Evenings,0,No preference,2023-01-14
T0104,Omar Silva,mentee104@mentornet.io,Non-binary,UK,Product Management,"Jira, Scrum, Agile",Improve Product Management skills and land a job in 12 months.,Advanced,Weekdays,20,Male,2022-05-13
T0105,Riya Anderson,mentee105@mentornet.io,Non-binary,France,Mobile Development,Android,Improve Mobile Development skills and land a job in 18 months.,Intermediate,Evenings,100,No preference,2021-01-05
T0106,Amara Lewis,mentee106@mentornet.io,Female,Nigeria,DevOps,"Git, Jenkins",Improve DevOps skills and land a job in 18 months.,Advanced,Evenings,100,Male,2022-04-02
T0107,Sarah Brown,mentee107@mentornet.io,Male,UK,DevOps,"Monitoring, CI/CD, Git",Improve DevOps skills and land a job in 6 months.,Advanced,Weekends,50,Female,2022-10-04
T0108,Noah Hall,mentee108@mentornet.io,Male,Singapore,Web Development,"HTML, Node.js, Django",Improve Web Development skills and land a job in 12 months.,Advanced,Weekends,0,Female,2021-09-24
T0109,Sana Brown,mentee109@mentornet.io,Female,Germany,Blockchain,"Ethereum, Smart Contracts",Improve Blockchain skills and land a job in 6 months.,Intermediate,Mornings,150,No preference,2022-02-11
T0110,Divya Sharma,mentee110@mentornet.io,Female,France,DevOps,"Jenkins, Monitoring, Shell Scripting",Improve DevOps skills and land a job in 12 months.,Beginner,Weekends,150,Female,2022-11-07
T0111,Hannah Tremblay,mentee111@mentornet.io,Male,Canada,Machine Learning,"PyTorch, TensorFlow",Improve Machine Learning skills and land a job in 12 months.,Intermediate,Weekends,0,Female,2021-07-31
T0112,Elena Kumar,mentee112@mentornet.io,Prefer not to say,Brazil,Blockchain,Solidity,Improve Blockchain skills and land a job in 18 months.,Intermediate,Weekdays,150,Female,2023-04-30
T0113,Daniel Taylor,mentee113@mentornet.io,Female,Nigeria,Cloud Computing,"Kubernetes, GCP, AWS",Improve Cloud Computing skills and land a job in 18 months.,Intermediate,Flexible,20,Female,2022-02-20
T0114,Ahmed Brown,mentee114@mentornet.io,Prefer not to say,France,DevOps,Monitoring,Improve DevOps skills and land a job in 6 months.,Intermediate,Weekends,20,No preference,2022-06-11
T0115,Fatima Lee,mentee115@mentornet.io,Female,UK,Cloud Computing,"Docker, AWS",Improve Cloud Computing skills and land a job in 18 months.,Beginner,Flexible,50,Female,2021-04-27
T0116,Hannah Brown,mentee116@mentornet.io,Female,France,Mobile Development,iOS,Improve Mobile Development skills and land a job in 12 months.,Beginner,Weekends,0,No preference,2022-08-11
T0117,James Lee,mentee117@mentornet.io,Male,France,Product Management,Agile,Improve Product Management skills and land a job in 6 months.,Intermediate,Weekends,150,Male,2022-09-06
T0118,Priya Hall,mentee118@mentornet.io,Non-binary,USA,Product Management,User Stories,Improve Product Management skills and land a job in 18 months.,Intermediate,Flexible,20,No preference,2023-05-01
T0119,Pooja Lee,mentee119@mentornet.io,Female,France,UI/UX Design,"Prototyping, Wireframing, Figma",Improve UI/UX Design skills and land a job in 18 months.,Advanced,Evenings,100,Female,2022-08-28
T0120,Lucas Kumar,mentee120@mentornet.io,Prefer not to say,UK,Web Development,HTML,Improve Web Development skills and land a job in 6 months.,Advanced,Mornings,100,No preference,2022-09-13
T0121,Aisha Brown,mentee121@mentornet.io,Male,Singapore,Web Development,"Vue.js, HTML, Django",Improve Web Development skills and land a job in 12 months.,Advanced,Weekends,150,Female,2023-04-28
T0122,Kofi Davis,mentee122@mentornet.io,Prefer not to say,Germany,Data Science,Pandas,Improve Data Science skills and land a job in 18 months.,Intermediate,Weekends,100,Male,2021-12-25
T0123,Chloe Johnson,mentee123@mentornet.io,Prefer not to say,UK,Product Management,"User Stories, Scrum",Improve Product Management skills and land a job in 6 months.,Intermediate,Mornings,150,Male,2021-09-21
T0124,Arjun White,mentee124@mentornet.io,Male,France,Cybersecurity,"Penetration Testing, Ethical Hacking, SIEM",Improve Cybersecurity skills and land a job in 18 months.,Beginner,Evenings,100,Male,2021-04-20
T0125,Kofi Martinez,mentee125@mentornet.io,Non-binary,Australia,Machine Learning,"OpenCV, NLP, Keras",Improve Machine Learning skills and land a job in 18 months.,Intermediate,Flexible,20,Male,2022-07-20
T0126,Hannah Kim,mentee126@mentornet.io,Non-binary,Singapore,Blockchain,"Web3.js, Smart Contracts, Ethereum",Improve Blockchain skills and land a job in 18 months.,Intermediate,Flexible,20,Female,2021-05-02
T0127,Isabelle Lewis,mentee127@mentornet.io,Female,USA,Cybersecurity,Ethical Hacking,Improve Cybersecurity skills and land a job in 12 months.,Intermediate,Mornings,150,Female,2022-12-02
T0128,James Kumar,mentee128@mentornet.io,Male,USA,Data Science,Tableau,Improve Data Science skills and land a job in 18 months.,Intermediate,Weekdays,0,Male,2021-08-16
T0129,Olivia Anderson,mentee129@mentornet.io,Male,Nigeria,DevOps,"Monitoring, Shell Scripting",Improve DevOps skills and land a job in 12 months.,Advanced,Mornings,0,No preference,2022-10-18
T0130,Isabelle Sharma,mentee130@mentornet.io,Female,Singapore,Mobile Development,"React Native, Flutter",Improve Mobile Development skills and land a job in 18 months.,Advanced,Mornings,20,Female,2021-06-23
T0131,Elena Garcia,mentee131@mentornet.io,Male,UK,Data Science,SQL,Improve Data Science skills and land a job in 12 months.,Intermediate,Flexible,100,Female,2021-07-25
T0132,Arjun Harris,mentee132@mentornet.io,Male,USA,Blockchain,"Smart Contracts, DeFi, Ethereum",Improve Blockchain skills and land a job in 12 months.,Beginner,Mornings,20,Male,2022-02-18
T0133,Arjun Müller,mentee133@mentornet.io,Female,Nigeria,Product Management,"Agile, OKRs, Jira",Improve Product Management skills and land a job in 18 months.,Intermediate,Evenings,0,Female,2021-09-21
T0134,Chloe Müller,mentee134@mentornet.io,Prefer not to say,Nigeria,Blockchain,"Web3.js, Ethereum, DeFi",Improve Blockchain skills and land a job in 12 months.,Advanced,Flexible,150,No preference,2022-05-09
T0135,Daniel Smith,mentee135@mentornet.io,Prefer not to say,Canada,Web Development,"Django, CSS, JavaScript",Improve Web Development skills and land a job in 12 months.,Intermediate,Mornings,150,No preference,2022-12-19
T0136,Amara Osei,mentee136@mentornet.io,Male,Nigeria,Cloud Computing,"Terraform, GCP, AWS",Improve Cloud Computing skills and land a job in 18 months.,Beginner,Flexible,50,Male,2021-08-12
T0137,Nadia Kim,mentee137@mentornet.io,Female,Brazil,Product Management,"Scrum, Jira, OKRs",Improve Product Management skills and land a job in 12 months.,Beginner,Weekends,20,No preference,2023-05-07
T0138,Ahmed Lee,mentee138@mentornet.io,Male,USA,Product Management,Jira,Improve Product Management skills and land a job in 18 months.,Intermediate,Mornings,0,Female,2021-02-13
T0139,Elena Anderson,mentee139@mentornet.io,Non-binary,Brazil,Mobile Development,"Swift, Kotlin, React Native",Improve Mobile Development skills and land a job in 18 months.,Intermediate,Flexible,20,Female,2021-05-12
T0140,Ethan Lewis,mentee140@mentornet.io,Prefer not to say,Brazil,Data Science,"Python, Statistics, SQL",Improve Data Science skills and land a job in 12 months.,Advanced,Weekends,100,No preference,2022-12-17
T0141,Raj Silva,mentee141@mentornet.io,Male,India,Blockchain,"Ethereum, Web3.js, Smart Contracts",Improve Blockchain skills and land a job in 6 months.,Intermediate,Evenings,150,Male,2021-07-11
T0142,Daniel Garcia,mentee142@mentornet.io,Non-binary,Brazil,Blockchain,"Smart Contracts, DeFi, Solidity",Improve Blockchain skills and land a job in 12 months.,Intermediate,Weekends,100,Female,2023-02-10
T0143,Elena Walker,mentee143@mentornet.io,Prefer not to say,Australia,DevOps,"Jenkins, Monitoring",Improve DevOps skills and land a job in 6 months.,Advanced,Weekends,0,Female,2021-10-04
T0144,Yusuf Ali,mentee144@mentornet.io,Prefer not to say,Canada,Cybersecurity,SIEM,Improve Cybersecurity skills and land a job in 12 months.,Beginner,Weekends,100,Male,2021-05-18
T0145,Sana Harris,mentee145@mentornet.io,Non-binary,Brazil,Blockchain,"Smart Contracts, Solidity",Improve Blockchain skills and land a job in 12 months.,Beginner,Weekends,0,No preference,2023-04-14
T0146,Hannah Robinson,mentee146@mentornet.io,Male,Brazil,Cloud Computing,"GCP, Terraform, Docker",Improve Cloud Computing skills and land a job in 12 months.,Advanced,Mornings,50,Male,2021-01-21
T0147,Zara Tremblay,mentee147@mentornet.io,Female,France,UI/UX Design,"Prototyping, Adobe XD, User Research",Improve UI/UX Design skills and land a job in 12 months.,Intermediate,Mornings,100,Female,2022-04-03
T0148,Rohan Anderson,mentee148@mentornet.io,Non-binary,Brazil,Web Development,"CSS, Vue.js, JavaScript",Improve Web Development skills and land a job in 12 months.,Advanced,Mornings,150,Male,2023-05-20
T0149,Olivia Kim,mentee149@mentornet.io,Non-binary,Canada,Web Development,"JavaScript, Django",Improve Web Development skills and land a job in 12 months.,Advanced,Evenings,150,Female,2022-02-09
T0150,Isabelle Clark,mentee150@mentornet.io,Non-binary,France,Cloud Computing,"Kubernetes, Terraform, Azure",Improve Cloud Computing skills and land a job in 6 months.,Beginner,Weekends,20,Female,2021-09-15
T0151,Fatima Kim,mentee151@mentornet.io,Prefer not to say,USA,Web Development,HTML,Improve Web Development skills and land a job in 12 months.,Advanced,Weekdays,0,Male,2022-06-21
T0152,Aarav Müller,mentee152@mentornet.io,Female,USA,Web Development,"React, JavaScript, CSS",Improve Web Development skills and land a job in 6 months.,Advanced,Evenings,100,Female,2021-05-10
T0153,Ethan Robinson,mentee153@mentornet.io,Female,India,Machine Learning,Deep Learning,Improve Machine Learning skills and land a job in 12 months.,Intermediate,Flexible,100,Female,2021-10-06
T0154,Isabelle Lee,mentee154@mentornet.io,Female,France,Blockchain,"Web3.js, DeFi, Smart Contracts",Improve Blockchain skills and land a job in 18 months.,Advanced,Mornings,50,Male,2022-05-09
T0155,Lucas Lewis,mentee155@mentornet.io,Male,Brazil,Blockchain,"Smart Contracts, Web3.js",Improve Blockchain skills and land a job in 12 months.,Beginner,Evenings,0,No preference,2022-06-20
T0156,Ahmed Osei,mentee156@mentornet.io,Prefer not to say,Singapore,Machine Learning,Deep Learning,Improve Machine Learning skills and land a job in 12 months.,Intermediate,Evenings,0,Male,2023-03-29
T0157,Pooja Garcia,mentee157@mentornet.io,Male,Singapore,Cloud Computing,"Azure, Kubernetes",Improve Cloud Computing skills and land a job in 18 months.,Intermediate,Flexible,20,No preference,2023-01-03
T0158,Rohan Garcia,mentee158@mentornet.io,Non-binary,USA,UI/UX Design,"Adobe XD, Wireframing",Improve UI/UX Design skills and land a job in 12 months.,Advanced,Mornings,50,Male,2021-07-12
T0159,Aisha Lee,mentee159@mentornet.io,Non-binary,USA,Web Development,"React, Node.js, Vue.js",Improve Web Development skills and land a job in 12 months.,Advanced,Mornings,100,No preference,2021-11-25
T0160,Sofia Patel,mentee160@mentornet.io,Male,UK,Data Science,SQL,Improve Data Science skills and land a job in 12 months.,Beginner,Flexible,0,No preference,2021-04-03
T0161,Arjun Brown,mentee161@mentornet.io,Female,Germany,Machine Learning,"Keras, OpenCV",Improve Machine Learning skills and land a job in 12 months.,Intermediate,Weekdays,50,No preference,2023-05-14
T0162,Emma Müller,mentee162@mentornet.io,Prefer not to say,USA,Machine Learning,"OpenCV, PyTorch, NLP",Improve Machine Learning skills and land a job in 12 months.,Intermediate,Weekdays,0,Female,2021-09-12
T0163,Isabelle Garcia,mentee163@mentornet.io,Male,Canada,UI/UX Design,"Figma, Adobe XD",Improve UI/UX Design skills and land a job in 12 months.,Intermediate,Evenings,50,No preference,2022-10-07
T0164,Yusuf Davis,mentee164@mentornet.io,Male,Australia,Data Science,"Pandas, SQL",Improve Data Science skills and land a job in 6 months.,Intermediate,Weekdays,20,No preference,2021-08-30
T0165,Michael Sharma,mentee165@mentornet.io,Female,Australia,UI/UX Design,"Figma, User Research, Prototyping",Improve UI/UX Design skills and land a job in 6 months.,Beginner,Mornings,100,Female,2022-09-03
T0166,Elena Clark,mentee166@mentornet.io,Male,Canada,Machine Learning,OpenCV,Improve Machine Learning skills and land a job in 6 months.,Advanced,Mornings,50,Female,2021-03-03
T0167,Ahmed Martinez,mentee167@mentornet.io,Female,Singapore,Data Science,R,Improve Data Science skills and land a job in 12 months.,Beginner,Evenings,150,Female,2023-02-14
T0168,Isabelle Harris,mentee168@mentornet.io,Female,India,DevOps,"Ansible, Git, Jenkins",Improve DevOps skills and land a job in 12 months.,Beginner,Flexible,100,Female,2021-10-29
T0169,Omar Wang,mentee169@mentornet.io,Female,Singapore,Blockchain,"Smart Contracts, Web3.js",Improve Blockchain skills and land a job in 12 months.,Advanced,Mornings,20,No preference,2022-06-28
T0170,Isabelle Osei,mentee170@mentornet.io,Non-binary,Singapore,Machine Learning,"OpenCV, TensorFlow",Improve Machine Learning skills and land a job in 18 months.,Advanced,Flexible,20,No preference,2022-09-27
T0171,Alex Garcia,mentee171@mentornet.io,Non-binary,USA,DevOps,"Monitoring, Ansible, Jenkins",Improve DevOps skills and land a job in 18 months.,Advanced,Flexible,150,No preference,2022-09-20
T0172,Michael Ali,mentee172@mentornet.io,Non-binary,USA,Cloud Computing,Docker,Improve Cloud Computing skills and land a job in 18 months.,Beginner,Weekdays,20,No preference,2023-06-14
T0173,Wei Johnson,mentee173@mentornet.io,Prefer not to say,Canada,Data Science,Python,Improve Data Science skills and land a job in 18 months.,Advanced,Flexible,100,Female,2022-10-01
T0174,Daniel Patel,mentee174@mentornet.io,Non-binary,Canada,Product Management,"Jira, Agile, OKRs",Improve Product Management skills and land a job in 6 months.,Advanced,Flexible,0,Male,2023-04-01
T0175,Elena Wilson,mentee175@mentornet.io,Prefer not to say,Germany,Data Science,"Python, Statistics, SQL",Improve Data Science skills and land a job in 18 months.,Beginner,Weekdays,50,No preference,2021-08-10
T0176,Aarav Johnson,mentee176@mentornet.io,Female,Singapore,Blockchain,"Ethereum, DeFi",Improve Blockchain skills and land a job in 18 months.,Advanced,Weekends,150,Female,2021-07-03
T0177,Yusuf Ali,mentee177@mentornet.io,Male,France,Blockchain,"Web3.js, DeFi",Improve Blockchain skills and land a job in 6 months.,Beginner,Weekends,150,Male,2022-06-01
T0178,James Wilson,mentee178@mentornet.io,Prefer not to say,Germany,DevOps,"Monitoring, Git",Improve DevOps skills and land a job in 12 months.,Intermediate,Flexible,50,Female,2021-09-04
T0179,Sana Wang,mentee179@mentornet.io,Prefer not to say,Singapore,Product Management,"Roadmapping, Jira, User Stories",Improve Product Management skills and land a job in 12 months.,Intermediate,Weekdays,0,Male,2022-09-03
T0180,Ethan Lee,mentee180@mentornet.io,Non-binary,India,Data Science,"R, Scikit-learn",Improve Data Science skills and land a job in 12 months.,Beginner,Evenings,150,Female,2022-07-24
T0181,Chloe Lee,mentee181@mentornet.io,Male,India,Product Management,"Roadmapping, Scrum",Improve Product Management skills and land a job in 6 months.,Intermediate,Evenings,150,No preference,2021-08-27
T0182,Sarah Smith,mentee182@mentornet.io,Prefer not to say,France,Cloud Computing,Terraform,Improve Cloud Computing skills and land a job in 6 months.,Advanced,Evenings,100,No preference,2022-05-15
T0183,Aarav Anderson,mentee183@mentornet.io,Non-binary,India,Product Management,"OKRs, User Stories, Agile",Improve Product Management skills and land a job in 6 months.,Intermediate,Evenings,100,Male,2023-06-08
T0184,Lucas Harris,mentee184@mentornet.io,Male,Nigeria,Web Development,JavaScript,Improve Web Development skills and land a job in 18 months.,Beginner,Evenings,150,Female,2021-06-03
T0185,Divya White,mentee185@mentornet.io,Female,UK,DevOps,Shell Scripting,Improve DevOps skills and land a job in 18 months.,Intermediate,Flexible,150,Female,2022-06-01
T0186,Lucas Ali,mentee186@mentornet.io,Non-binary,Nigeria,Web Development,CSS,Improve Web Development skills and land a job in 12 months.,Beginner,Flexible,150,Female,2021-02-20
T0187,Mei Müller,mentee187@mentornet.io,Male,Nigeria,Blockchain,"Web3.js, Ethereum, Solidity",Improve Blockchain skills and land a job in 12 months.,Advanced,Weekends,100,Male,2022-10-30
T0188,Wei Wilson,mentee188@mentornet.io,Female,Canada,Product Management,Roadmapping,Improve Product Management skills and land a job in 12 months.,Intermediate,Mornings,0,No preference,2022-11-19
T0189,Kofi Tremblay,mentee189@mentornet.io,Non-binary,Canada,UI/UX Design,"Wireframing, Figma",Improve UI/UX Design skills and land a job in 12 months.,Beginner,Evenings,150,Male,2022-10-01
T0190,Isabelle Patel,mentee190@mentornet.io,Female,Canada,Machine Learning,"Keras, PyTorch, TensorFlow",Improve Machine Learning skills and land a job in 6 months.,Advanced,Weekdays,20,Female,2021-06-01
T0191,Arjun Silva,mentee191@mentornet.io,Male,Australia,Cloud Computing,"Kubernetes, AWS",Improve Cloud Computing skills and land a job in 12 months.,Beginner,Mornings,20,No preference,2022-07-14
T0192,Daniel Wilson,mentee192@mentornet.io,Prefer not to say,France,Blockchain,"Ethereum, Solidity, DeFi",Improve Blockchain skills and land a job in 18 months.,Advanced,Mornings,0,Male,2021-06-24
T0193,Kiran Wang,mentee193@mentornet.io,Non-binary,India,Data Science,"Pandas, Python",Improve Data Science skills and land a job in 6 months.,Intermediate,Evenings,50,No preference,2021-01-20
T0194,Rohan Garcia,mentee194@mentornet.io,Prefer not to say,Singapore,Cloud Computing,"AWS, GCP, Kubernetes",Improve Cloud Computing skills and land a job in 18 months.,Advanced,Weekdays,20,No preference,2022-05-28
T0195,Yusuf Young,mentee195@mentornet.io,Male,India,Mobile Development,Android,Improve Mobile Development skills and land a job in 12 months.,Intermediate,Flexible,100,Female,2021-06-10
T0196,Ahmed Thompson,mentee196@mentornet.io,Non-binary,Germany,Data Science,"SQL, R, Statistics",Improve Data Science skills and land a job in 12 months.,Beginner,Evenings,100,No preference,2022-07-23
T0197,Lucas Lee,mentee197@mentornet.io,Non-binary,Nigeria,Cloud Computing,"Azure, AWS, Kubernetes",Improve Cloud Computing skills and land a job in 18 months.,Advanced,Mornings,20,Male,2021-09-04
T0198,Sofia Ali,mentee198@mentornet.io,Non-binary,France,Product Management,"User Stories, OKRs",Improve Product Management skills and land a job in 6 months.,Beginner,Weekends,150,Female,2022-12-02
T0199,Carlos Osei,mentee199@mentornet.io,Female,Nigeria,Cybersecurity,Ethical Hacking,Improve Cybersecurity skills and land a job in 6 months.,Intermediate,Weekdays,150,Female,2023-01-07
T0200,Aisha Silva,mentee200@mentornet.io,Female,India,Web Development,"React, Vue.js",Improve Web Development skills and land a job in 12 months.,Intermediate,Evenings,20,No preference,2021-04-20
T0201,Aisha Sharma,mentee201@mentornet.io,Non-binary,France,Machine Learning,"NLP, PyTorch, Deep Learning",Improve Machine Learning skills and land a job in 6 months.,Advanced,Weekdays,50,No preference,2022-12-06
T0202,Carlos Davis,mentee202@mentornet.io,Prefer not to say,Germany,Mobile Development,Kotlin,Improve Mobile Development skills and land a job in 12 months.,Intermediate,Weekends,20,No preference,2021-08-20
T0203,Tyler Clark,mentee203@mentornet.io,Male,Australia,Data Science,"R, Pandas",Improve Data Science skills and land a job in 18 months.,Beginner,Weekends,0,No preference,2022-03-26
T0204,Omar White,mentee204@mentornet.io,Non-binary,Brazil,Product Management,User Stories,Improve Product Management skills and land a job in 12 months.,Beginner,Mornings,100,Female,2021-11-17
T0205,Alex Harris,mentee205@mentornet.io,Male,Singapore,UI/UX Design,User Research,Improve UI/UX Design skills and land a job in 12 months.,Beginner,Weekends,150,Female,2022-02-10
T0206,Yusuf Kumar,mentee206@mentornet.io,Male,Canada,Data Science,"Tableau, Scikit-learn",Improve Data Science skills and land a job in 12 months.,Intermediate,Flexible,20,Male,2021-10-29
T0207,Emma White,mentee207@mentornet.io,Female,Brazil,Product Management,"User Stories, Agile, OKRs",Improve Product Management skills and land a job in 6 months.,Advanced,Mornings,20,Male,2022-02-28
T0208,Isabelle Sharma,mentee208@mentornet.io,Female,Brazil,DevOps,"Shell Scripting, Jenkins, Ansible",Improve DevOps skills and land a job in 6 months.,Intermediate,Evenings,20,Female,2023-01-21
T0209,Olivia Johnson,mentee209@mentornet.io,Prefer not to say,Germany,Web Development,Node.js,Improve Web Development skills and land a job in 18 months.,Intermediate,Mornings,150,No preference,2022-01-23
T0210,Rohan Patel,mentee210@mentornet.io,Female,Germany,Blockchain,"Ethereum, DeFi, Solidity",Improve Blockchain skills and land a job in 6 months.,Advanced,Weekdays,100,Male,2021-11-13
T0211,Kiran Martinez,mentee211@mentornet.io,Female,USA,Mobile Development,React Native,Improve Mobile Development skills and land a job in 6 months.,Advanced,Evenings,0,Male,2022-05-25
T0212,Sana Lewis,mentee212@mentornet.io,Male,France,Mobile Development,"React Native, iOS",Improve Mobile Development skills and land a job in 18 months.,Advanced,Flexible,100,Male,2022-03-29
T0213,Pooja Anderson,mentee213@mentornet.io,Male,Canada,Web Development,"JavaScript, Node.js, Django",Improve Web Development skills and land a job in 6 months.,Beginner,Weekends,20,No preference,2022-10-31
T0214,Liam Lee,mentee214@mentornet.io,Male,France,DevOps,"Git, Shell Scripting, CI/CD",Improve DevOps skills and land a job in 6 months.,Beginner,Flexible,20,No preference,2022-11-20
T0215,Alex Thompson,mentee215@mentornet.io,Female,Brazil,Cloud Computing,"Docker, GCP, AWS",Improve Cloud Computing skills and land a job in 6 months.,Intermediate,Evenings,50,Male,2023-04-20
T0216,Kofi Robinson,mentee216@mentornet.io,Male,Australia,Web Development,"CSS, HTML",Improve Web Development skills and land a job in 18 months.,Intermediate,Evenings,150,Male,2022-06-22
T0217,Fatima Anderson,mentee217@mentornet.io,Male,USA,Cybersecurity,"Ethical Hacking, Penetration Testing, SIEM",Improve Cybersecurity skills and land a job in 18 months.,Advanced,Mornings,50,Male,2022-09-16
T0218,Daniel Davis,mentee218@mentornet.io,Non-binary,UK,DevOps,"Monitoring, Ansible, Shell Scripting",Improve DevOps skills and land a job in 12 months.,Beginner,Mornings,20,Female,2021-10-25
T0219,Arjun Johnson,mentee219@mentornet.io,Male,Brazil,Cybersecurity,"Penetration Testing, SIEM, Forensics",Improve Cybersecurity skills and land a job in 12 months.,Intermediate,Weekdays,50,Male,2022-07-28
T0220,Arjun Martinez,mentee220@mentornet.io,Female,Australia,Cybersecurity,"Penetration Testing, Forensics",Improve Cybersecurity skills and land a job in 12 months.,Advanced,Mornings,50,No preference,2021-04-27
T0221,Riya Kumar,mentee221@mentornet.io,Male,UK,DevOps,Git,Improve DevOps skills and land a job in 12 months.,Advanced,Flexible,100,No preference,2022-10-24
T0222,Hannah Lee,mentee222@mentornet.io,Prefer not to say,Singapore,Machine Learning,"OpenCV, Deep Learning",Improve Machine Learning skills and land a job in 18 months.,Beginner,Mornings,50,Female,2023-01-13
T0223,Yusuf Wilson,mentee223@mentornet.io,Male,Canada,DevOps,"Shell Scripting, Git, Monitoring",Improve DevOps skills and land a job in 6 months.,Beginner,Evenings,0,Male,2022-01-20
T0224,James Taylor,mentee224@mentornet.io,Prefer not to say,UK,Blockchain,"Solidity, Smart Contracts, Web3.js",Improve Blockchain skills and land a job in 12 months.,Advanced,Weekdays,50,Male,2021-03-30
T0225,Amara Tremblay,mentee225@mentornet.io,Prefer not to say,Australia,Mobile Development,Android,Improve Mobile Development skills and land a job in 12 months.,Beginner,Weekdays,50,No preference,2023-03-08
T0226,Olivia Rossi,mentee226@mentornet.io,Male,Brazil,Cybersecurity,"SIEM, Ethical Hacking, Network Security",Improve Cybersecurity skills and land a job in 12 months.,Advanced,Mornings,50,Male,2021-05-27
T0227,Ethan Thompson,mentee227@mentornet.io,Female,Canada,Web Development,"HTML, React, Django",Improve Web Development skills and land a job in 18 months.,Advanced,Weekdays,0,Male,2021-02-15
T0228,Olivia Silva,mentee228@mentornet.io,Prefer not to say,India,Product Management,OKRs,Improve Product Management skills and land a job in 18 months.,Advanced,Evenings,0,Female,2023-02-16
T0229,Fatima Silva,mentee229@mentornet.io,Female,Canada,Cloud Computing,"GCP, Docker",Improve Cloud Computing skills and land a job in 12 months.,Intermediate,Weekdays,50,No preference,2021-06-11
T0230,Zara Sharma,mentee230@mentornet.io,Male,Canada,Cloud Computing,"GCP, Docker, Terraform",Improve Cloud Computing skills and land a job in 12 months.,Beginner,Evenings,150,No preference,2021-06-25
T0231,Sarah Anderson,mentee231@mentornet.io,Non-binary,Singapore,Web Development,"HTML, CSS",Improve Web Development skills and land a job in 6 months.,Intermediate,Weekdays,0,Male,2021-02-25
T0232,Kofi Kumar,mentee232@mentornet.io,Female,France,Web Development,"Django, Vue.js, React",Improve Web Development skills and land a job in 18 months.,Intermediate,Evenings,50,No preference,2023-01-01
T0233,Olivia Young,mentee233@mentornet.io,Prefer not to say,France,Blockchain,Solidity,Improve Blockchain skills and land a job in 18 months.,Intermediate,Weekdays,100,Male,2022-12-02
T0234,Hannah Garcia,mentee234@mentornet.io,Female,UK,Mobile Development,"Swift, iOS, Kotlin",Improve Mobile Development skills and land a job in 6 months.,Advanced,Evenings,50,Male,2022-05-15
T0235,Noah Brown,mentee235@mentornet.io,Male,Germany,Data Science,"Tableau, R",Improve Data Science skills and land a job in 12 months.,Intermediate,Mornings,150,No preference,2022-06-05
T0236,Mei Robinson,mentee236@mentornet.io,Male,Germany,Web Development,"Django, HTML, JavaScript",Improve Web Development skills and land a job in 18 months.,Intermediate,Flexible,150,Male,2021-09-02
T0237,Amara Wilson,mentee237@mentornet.io,Female,Brazil,Product Management,"Agile, Roadmapping",Improve Product Management skills and land a job in 6 months.,Advanced,Mornings,100,Male,2022-08-04
T0238,Sana White,mentee238@mentornet.io,Female,UK,DevOps,"Shell Scripting, CI/CD, Ansible",Improve DevOps skills and land a job in 6 months.,Advanced,Mornings,100,Male,2022-07-23
T0239,Isabelle Kim,mentee239@mentornet.io,Non-binary,Nigeria,Web Development,Node.js,Improve Web Development skills and land a job in 6 months.,Advanced,Mornings,100,Male,2022-05-22
T0240,Olivia Wang,mentee240@mentornet.io,Female,France,Data Science,"Scikit-learn, Python, R",Improve Data Science skills and land a job in 18 months.,Beginner,Flexible,150,Male,2022-02-04
T0241,Chloe Rossi,mentee241@mentornet.io,Female,Canada,Product Management,"Roadmapping, Jira, OKRs",Improve Product Management skills and land a job in 12 months.,Advanced,Evenings,0,Female,2021-01-09
T0242,Divya Kumar,mentee242@mentornet.io,Female,Australia,Product Management,Roadmapping,Improve Product Management skills and land a job in 18 months.,Beginner,Weekdays,150,Male,2021-04-23
T0243,Priya Garcia,mentee243@mentornet.io,Prefer not to say,France,Cloud Computing,"Terraform, GCP",Improve Cloud Computing skills and land a job in 18 months.,Intermediate,Flexible,100,Male,2022-07-13
T0244,Aisha Brown,mentee244@mentornet.io,Female,Canada,Cybersecurity,"Network Security, Forensics, SIEM",Improve Cybersecurity skills and land a job in 6 months.,Intermediate,Weekends,20,No preference,2021-03-15
T0245,Sofia Harris,mentee245@mentornet.io,Prefer not to say,Nigeria,Data Science,Python,Improve Data Science skills and land a job in 6 months.,Advanced,Flexible,100,Female,2022-09-11
T0246,Alex Kim,mentee246@mentornet.io,Prefer not to say,Singapore,UI/UX Design,"Prototyping, User Research",Improve UI/UX Design skills and land a job in 12 months.,Intermediate,Weekends,20,Male,2022-09-12
T0247,Chloe Brown,mentee247@mentornet.io,Female,Singapore,Data Science,"Tableau, Statistics",Improve Data Science skills and land a job in 18 months.,Intermediate,Weekdays,0,Female,2022-05-10
T0248,Zara Taylor,mentee248@mentornet.io,Prefer not to say,USA,DevOps,Shell Scripting,Improve DevOps skills and land a job in 18 months.,Advanced,Evenings,100,Female,2021-03-22
T0249,Alex Smith,mentee249@mentornet.io,Female,Brazil,Blockchain,"Solidity, Smart Contracts, Web3.js",Improve Blockchain skills and land a job in 6 months.,Intermediate,Mornings,0,Male,2022-04-10
T0250,Hannah Taylor,mentee250@mentornet.io,Non-binary,Nigeria,Blockchain,"Smart Contracts, DeFi",Improve Blockchain skills and land a job in 6 months.,Beginner,Mornings,50,Female,2023-03-15
T0251,Daniel Patel,mentee251@mentornet.io,Prefer not to say,France,Product Management,OKRs,Improve Product Management skills and land a job in 6 months.,Advanced,Evenings,150,No preference,2021-10-21
T0252,Olivia Lee,mentee252@mentornet.io,Male,Australia,Mobile Development,"React Native, Android",Improve Mobile Development skills and land a job in 12 months.,Intermediate,Evenings,0,Female,2021-04-25
T0253,Aisha Young,mentee253@mentornet.io,Female,Brazil,Product Management,"Scrum, Roadmapping",Improve Product Management skills and land a job in 18 months.,Beginner,Flexible,20,Female,2023-06-02
T0254,Riya Smith,mentee254@mentornet.io,Female,France,Data Science,Scikit-learn,Improve Data Science skills and land a job in 12 months.,Intermediate,Flexible,20,Female,2022-03-27
T0255,Fatima Taylor,mentee255@mentornet.io,Non-binary,India,Machine Learning,"Keras, TensorFlow, NLP",Improve Machine Learning skills and land a job in 6 months.,Intermediate,Flexible,100,Male,2022-05-03
T0256,Lucas Kumar,mentee256@mentornet.io,Prefer not to say,Brazil,Blockchain,"Ethereum, Web3.js",Improve Blockchain skills and land a job in 6 months.,Intermediate,Flexible,100,Female,2021-11-20
T0257,Liam Johnson,mentee257@mentornet.io,Non-binary,Nigeria,Blockchain,"Smart Contracts, DeFi, Ethereum",Improve Blockchain skills and land a job in 12 months.,Beginner,Evenings,150,Male,2022-04-18
T0258,Ivan Clark,mentee258@mentornet.io,Female,Singapore,Cybersecurity,"SIEM, Forensics",Improve Cybersecurity skills and land a job in 18 months.,Beginner,Weekdays,0,No preference,2022-02-26
T0259,Ethan Johnson,mentee259@mentornet.io,Prefer not to say,Germany,Web Development,Django,Improve Web Development skills and land a job in 12 months.,Intermediate,Weekends,0,No preference,2022-09-27
T0260,Emma Anderson,mentee260@mentornet.io,Female,France,Web Development,"HTML, Django, Vue.js",Improve Web Development skills and land a job in 6 months.,Advanced,Weekends,100,Female,2023-02-22
T0261,Aisha Hall,mentee261@mentornet.io,Male,UK,Product Management,"Roadmapping, User Stories",Improve Product Management skills and land a job in 18 months.,Beginner,Flexible,50,Male,2022-12-10
T0262,Daniel Kim,mentee262@mentornet.io,Male,Australia,DevOps,Ansible,Improve DevOps skills and land a job in 12 months.,Intermediate,Weekdays,50,Male,2021-07-02
T0263,Noah Brown,mentee263@mentornet.io,Female,France,Mobile Development,"React Native, Kotlin",Improve Mobile Development skills and land a job in 6 months.,Beginner,Mornings,100,No preference,2022-09-21
T0264,Isabelle White,mentee264@mentornet.io,Non-binary,USA,Web Development,HTML,Improve Web Development skills and land a job in 6 months.,Advanced,Evenings,100,No preference,2022-05-25
T0265,Arjun Young,mentee265@mentornet.io,Male,Nigeria,Machine Learning,"PyTorch, Keras",Improve Machine Learning skills and land a job in 12 months.,Advanced,Weekdays,150,Female,2023-03-01
T0266,Hannah Ali,mentee266@mentornet.io,Prefer not to say,USA,Mobile Development,"React Native, Flutter, Kotlin",Improve Mobile Development skills and land a job in 18 months.,Intermediate,Weekdays,150,Female,2022-01-03
T0267,Sarah Kumar,mentee267@mentornet.io,Male,USA,DevOps,"Monitoring, Git",Improve DevOps skills and land a job in 6 months.,Intermediate,Evenings,20,No preference,2022-07-22
T0268,Rohan Thompson,mentee268@mentornet.io,Female,Australia,Data Science,"Tableau, Python, SQL",Improve Data Science skills and land a job in 12 months.,Beginner,Flexible,20,No preference,2021-02-06
T0269,Priya Harris,mentee269@mentornet.io,Female,Brazil,Cybersecurity,"Penetration Testing, Forensics",Improve Cybersecurity skills and land a job in 12 months.,Advanced,Flexible,0,No preference,2021-12-14
T0270,Riya Lewis,mentee270@mentornet.io,Male,Nigeria,Data Science,R,Improve Data Science skills and land a job in 18 months.,Advanced,Mornings,100,Female,2023-06-11
T0271,Sofia Harris,mentee271@mentornet.io,Female,USA,Blockchain,Ethereum,Improve Blockchain skills and land a job in 12 months.,Advanced,Weekdays,100,Female,2021-02-16
T0272,Carlos Sharma,mentee272@mentornet.io,Female,India,Cybersecurity,"Penetration Testing, Network Security",Improve Cybersecurity skills and land a job in 18 months.,Beginner,Mornings,0,No preference,2021-04-27
T0273,Pooja Lewis,mentee273@mentornet.io,Female,USA,Mobile Development,Kotlin,Improve Mobile Development skills and land a job in 12 months.,Advanced,Flexible,50,No preference,2022-12-02
T0274,Sana Lee,mentee274@mentornet.io,Non-binary,Canada,Product Management,OKRs,Improve Product Management skills and land a job in 6 months.,Intermediate,Weekdays,0,Male,2021-05-25
T0275,James White,mentee275@mentornet.io,Non-binary,Singapore,UI/UX Design,User Research,Improve UI/UX Design skills and land a job in 6 months.,Advanced,Weekdays,20,No preference,2023-03-22
T0276,Rohan Clark,mentee276@mentornet.io,Female,India,Product Management,"Agile, Jira",Improve Product Management skills and land a job in 6 months.,Beginner,Weekdays,150,Male,2022-03-03
T0277,Carlos Wang,mentee277@mentornet.io,Female,Australia,Mobile Development,"Kotlin, iOS, React Native",Improve Mobile Development skills and land a job in 6 months.,Advanced,Weekdays,150,No preference,2023-01-05
T0278,Alex Smith,mentee278@mentornet.io,Non-binary,Germany,Mobile Development,"Flutter, Android",Improve Mobile Development skills and land a job in 6 months.,Beginner,Weekdays,150,No preference,2022-09-26
T0279,Sana Davis,mentee279@mentornet.io,Female,Brazil,DevOps,"Shell Scripting, Jenkins, Git",Improve DevOps skills and land a job in 6 months.,Beginner,Weekdays,20,Female,2023-05-15
T0280,Omar Kim,mentee280@mentornet.io,Female,India,Mobile Development,iOS,Improve Mobile Development skills and land a job in 12 months.,Intermediate,Weekends,100,Male,2021-12-09
T0281,Raj Patel,mentee281@mentornet.io,Male,India,Product Management,"Scrum, Jira, Agile",Improve Product Management skills and land a job in 12 months.,Advanced,Weekdays,0,No preference,2023-01-09
T0282,Ivan Taylor,mentee282@mentornet.io,Non-binary,Nigeria,Mobile Development,iOS,Improve Mobile Development skills and land a job in 18 months.,Intermediate,Weekends,0,Male,2021-08-22
T0283,Amara Harris,mentee283@mentornet.io,Prefer not to say,Canada,Web Development,"CSS, HTML",Improve Web Development skills and land a job in 12 months.,Advanced,Flexible,0,Male,2021-05-29
T0284,Alex Rossi,mentee284@mentornet.io,Female,Nigeria,Cybersecurity,"SIEM, Network Security",Improve Cybersecurity skills and land a job in 18 months.,Beginner,Evenings,50,No preference,2021-12-10
T0285,Liam White,mentee285@mentornet.io,Male,Australia,Machine Learning,TensorFlow,Improve Machine Learning skills and land a job in 12 months.,Intermediate,Flexible,20,Male,2021-08-14
T0286,Pooja Kim,mentee286@mentornet.io,Female,France,Cloud Computing,"Azure, AWS, Kubernetes",Improve Cloud Computing skills and land a job in 18 months.,Intermediate,Weekends,150,Male,2023-05-08
T0287,Nadia Sharma,mentee287@mentornet.io,Prefer not to say,Canada,Mobile Development,Swift,Improve Mobile Development skills and land a job in 12 months.,Advanced,Weekends,150,No preference,2022-08-11
T0288,Tyler Patel,mentee288@mentornet.io,Male,Brazil,Data Science,"Scikit-learn, Statistics, Python",Improve Data Science skills and land a job in 12 months.,Advanced,Flexible,100,Female,2023-04-22
T0289,Isabelle Brown,mentee289@mentornet.io,Female,USA,Web Development,"Vue.js, HTML, React",Improve Web Development skills and land a job in 6 months.,Beginner,Evenings,50,No preference,2022-10-26
T0290,Priya Brown,mentee290@mentornet.io,Non-binary,UK,Web Development,"React, Node.js, Django",Improve Web Development skills and land a job in 6 months.,Intermediate,Flexible,20,Female,2022-02-20
T0291,Elena Martinez,mentee291@mentornet.io,Prefer not to say,India,Machine Learning,"TensorFlow, OpenCV, Keras",Improve Machine Learning skills and land a job in 18 months.,Beginner,Evenings,100,Male,2022-12-16
T0292,Sana Taylor,mentee292@mentornet.io,Female,USA,Product Management,"Roadmapping, Agile, Jira",Improve Product Management skills and land a job in 6 months.,Beginner,Flexible,50,Male,2022-09-26
T0293,Elena Tremblay,mentee293@mentornet.io,Female,Singapore,Data Science,"Python, Statistics, R",Improve Data Science skills and land a job in 6 months.,Intermediate,Weekends,150,No preference,2022-10-27
T0294,Ivan Walker,mentee294@mentornet.io,Female,Canada,Mobile Development,"Swift, iOS",Improve Mobile Development skills and land a job in 18 months.,Advanced,Flexible,50,No preference,2021-03-06
T0295,Ahmed Rossi,mentee295@mentornet.io,Prefer not to say,Singapore,DevOps,"CI/CD, Ansible, Git",Improve DevOps skills and land a job in 12 months.,Advanced,Evenings,0,No preference,2022-04-14
T0296,Olivia Kumar,mentee296@mentornet.io,Female,Australia,Web Development,HTML,Improve Web Development skills and land a job in 6 months.,Intermediate,Weekdays,20,Male,2021-06-04
T0297,Ethan Martinez,mentee297@mentornet.io,Male,Australia,Cybersecurity,"Ethical Hacking, SIEM",Improve Cybersecurity skills and land a job in 12 months.,Intermediate,Flexible,100,Female,2022-10-23
T0298,Kiran Wang,mentee298@mentornet.io,Male,India,Data Science,Scikit-learn,Improve Data Science skills and land a job in 18 months.,Advanced,Evenings,100,Female,2021-12-18
T0299,Omar Taylor,mentee299@mentornet.io,Prefer not to say,Brazil,DevOps,"Monitoring, Jenkins",Improve DevOps skills and land a job in 12 months.,Beginner,Evenings,20,Male,2022-01-16
T0300,Emma Lee,mentee300@mentornet.io,Non-binary,Australia,Cloud Computing,"Azure, Docker",Improve Cloud Computing skills and land a job in 6 months.,Advanced,Mornings,50,No preference,2021-06-29
T0301,James Garcia,mentee301@mentornet.io,Male,India,Machine Learning,"NLP, PyTorch",Improve Machine Learning skills and land a job in 12 months.,Intermediate,Evenings,20,No preference,2022-07-30
T0302,Michael Tremblay,mentee302@mentornet.io,Female,Germany,Data Science,"Statistics, R",Improve Data Science skills and land a job in 18 months.,Intermediate,Weekdays,0,Male,2022-05-27
T0303,Raj Young,mentee303@mentornet.io,Non-binary,UK,Machine Learning,Deep Learning,Improve Machine Learning skills and land a job in 18 months.,Advanced,Evenings,50,Male,2021-10-24
T0304,Sofia Lewis,mentee304@mentornet.io,Prefer not to say,Germany,Product Management,"Agile, User Stories, Jira",Improve Product Management skills and land a job in 6 months.,Advanced,Mornings,0,Male,2021-01-26
T0305,Alex Robinson,mentee305@mentornet.io,Female,Brazil,UI/UX Design,"Figma, Wireframing",Improve UI/UX Design skills and land a job in 6 months.,Advanced,Weekends,150,Female,2021-08-16
T0306,Wei Sharma,mentee306@mentornet.io,Male,Singapore,Cloud Computing,"Terraform, AWS",Improve Cloud Computing skills and land a job in 18 months.,Intermediate,Weekends,100,Male,2022-09-10
T0307,Divya Patel,mentee307@mentornet.io,Non-binary,Nigeria,Product Management,Jira,Improve Product Management skills and land a job in 12 months.,Intermediate,Flexible,50,No preference,2021-10-19
T0308,Ahmed Osei,mentee308@mentornet.io,Prefer not to say,Singapore,DevOps,Jenkins,Improve DevOps skills and land a job in 18 months.,Intermediate,Flexible,100,Male,2021-06-17
T0309,Tyler Lee,mentee309@mentornet.io,Male,UK,UI/UX Design,Wireframing,Improve UI/UX Design skills and land a job in 12 months.,Advanced,Evenings,0,Female,2023-02-14
T0310,Olivia Sharma,mentee310@mentornet.io,Prefer not to say,Australia,UI/UX Design,"Adobe XD, User Research",Improve UI/UX Design skills and land a job in 18 months.,Advanced,Weekends,20,No preference,2023-05-03
T0311,Kiran Wilson,mentee311@mentornet.io,Prefer not to say,India,UI/UX Design,"Prototyping, Wireframing",Improve UI/UX Design skills and land a job in 12 months.,Advanced,Flexible,20,No preference,2023-03-22
T0312,Sofia Müller,mentee312@mentornet.io,Non-binary,Brazil,Data Science,Pandas,Improve Data Science skills and land a job in 18 months.,Intermediate,Flexible,20,Male,2022-12-06
T0313,Priya Johnson,mentee313@mentornet.io,Non-binary,Brazil,Cybersecurity,Ethical Hacking,Improve Cybersecurity skills and land a job in 18 months.,Intermediate,Mornings,100,Female,2022-03-23
T0314,Hannah White,mentee314@mentornet.io,Male,Germany,Cloud Computing,"Terraform, Docker, AWS",Improve Cloud Computing skills and land a job in 12 months.,Beginner,Mornings,0,No preference,2021-11-24
T0315,Carlos Tremblay,mentee315@mentornet.io,Female,India,Mobile Development,"Swift, Kotlin",Improve Mobile Development skills and land a job in 18 months.,Intermediate,Weekdays,50,Male,2022-06-27
T0316,Divya Wang,mentee316@mentornet.io,Female,USA,Web Development,"Vue.js, CSS, Node.js",Improve Web Development skills and land a job in 12 months.,Intermediate,Evenings,50,Female,2022-12-16
T0317,Aarav Wilson,mentee317@mentornet.io,Non-binary,UK,DevOps,Jenkins,Improve DevOps skills and land a job in 18 months.,Intermediate,Evenings,100,Male,2021-12-15
T0318,Aarav Wang,mentee318@mentornet.io,Female,Singapore,Machine Learning,PyTorch,Improve Machine Learning skills and land a job in 18 months.,Advanced,Mornings,150,Female,2022-07-19
T0319,Tyler Rossi,mentee319@mentornet.io,Male,USA,Web Development,HTML,Improve Web Development skills and land a job in 12 months.,Intermediate,Evenings,50,No preference,2023-04-17
T0320,Pooja Davis,mentee320@mentornet.io,Non-binary,UK,Mobile Development,"Swift, Flutter, Android",Improve Mobile Development skills and land a job in 6 months.,Beginner,Weekends,20,Male,2021-05-09
T0321,Carlos Smith,mentee321@mentornet.io,Prefer not to say,USA,Cybersecurity,Penetration Testing,Improve Cybersecurity skills and land a job in 12 months.,Intermediate,Weekdays,20,No preference,2021-02-03
T0322,Ivan Patel,mentee322@mentornet.io,Prefer not to say,USA,Blockchain,"Solidity, DeFi",Improve Blockchain skills and land a job in 12 months.,Advanced,Weekdays,0,No preference,2022-09-09
T0323,Ivan Hall,mentee323@mentornet.io,Female,UK,Cybersecurity,"Forensics, Penetration Testing, Network Security",Improve Cybersecurity skills and land a job in 6 months.,Advanced,Evenings,150,Male,2021-12-27
T0324,Divya Clark,mentee324@mentornet.io,Female,Singapore,Machine Learning,"TensorFlow, Deep Learning, NLP",Improve Machine Learning skills and land a job in 18 months.,Beginner,Weekends,50,No preference,2023-02-12
T0325,Arjun Harris,mentee325@mentornet.io,Male,Canada,Blockchain,"Web3.js, Smart Contracts, DeFi",Improve Blockchain skills and land a job in 18 months.,Beginner,Flexible,0,No preference,2023-05-05
T0326,Rohan Ali,mentee326@mentornet.io,Female,Singapore,DevOps,Ansible,Improve DevOps skills and land a job in 6 months.,Intermediate,Weekdays,100,No preference,2022-06-17
T0327,Omar Clark,mentee327@mentornet.io,Non-binary,Australia,Machine Learning,"Deep Learning, TensorFlow, NLP",Improve Machine Learning skills and land a job in 12 months.,Intermediate,Weekdays,100,Male,2022-04-13
T0328,Sarah Thompson,mentee328@mentornet.io,Prefer not to say,Canada,Product Management,"User Stories, Roadmapping, Jira",Improve Product Management skills and land a job in 6 months.,Beginner,Flexible,50,No preference,2021-01-14
T0329,Aarav Kumar,mentee329@mentornet.io,Prefer not to say,Singapore,Mobile Development,"iOS, Flutter, Android",Improve Mobile Development skills and land a job in 6 months.,Intermediate,Flexible,150,No preference,2023-01-30
T0330,Noah Tremblay,mentee330@mentornet.io,Female,Germany,Machine Learning,NLP,Improve Machine Learning skills and land a job in 12 months.,Beginner,Weekends,100,Female,2022-05-27
T0331,Ivan Taylor,mentee331@mentornet.io,Non-binary,Nigeria,Cloud Computing,"Kubernetes, Docker",Improve Cloud Computing skills and land a job in 12 months.,Intermediate,Mornings,50,No preference,2023-02-26
T0332,Aarav Johnson,mentee332@mentornet.io,Non-binary,Brazil,Mobile Development,"React Native, iOS",Improve Mobile Development skills and land a job in 6 months.,Beginner,Weekdays,0,Male,2022-11-26
T0333,Aisha Kumar,mentee333@mentornet.io,Non-binary,UK,Data Science,"Statistics, Scikit-learn",Improve Data Science skills and land a job in 6 months.,Beginner,Mornings,100,Male,2021-07-26
T0334,Omar Brown,mentee334@mentornet.io,Non-binary,Singapore,Cloud Computing,"Docker, Terraform",Improve Cloud Computing skills and land a job in 6 months.,Beginner,Flexible,0,Male,2022-04-06
T0335,Rohan Rossi,mentee335@mentornet.io,Prefer not to say,India,DevOps,Jenkins,Improve DevOps skills and land a job in 18 months.,Advanced,Evenings,20,Male,2022-03-18
T0336,Sarah White,mentee336@mentornet.io,Prefer not to say,Brazil,Machine Learning,NLP,Improve Machine Learning skills and land a job in 18 months.,Intermediate,Mornings,150,Female,2022-04-27
T0337,Yusuf Walker,mentee337@mentornet.io,Female,Singapore,Mobile Development,Kotlin,Improve Mobile Development skills and land a job in 12 months.,Intermediate,Mornings,100,Female,2022-11-24
T0338,Kiran Silva,mentee338@mentornet.io,Male,India,DevOps,"CI/CD, Jenkins, Git",Improve DevOps skills and land a job in 12 months.,Advanced,Mornings,0,Female,2021-12-16
T0339,Aarav Ali,mentee339@mentornet.io,Non-binary,Germany,UI/UX Design,"Wireframing, Figma",Improve UI/UX Design skills and land a job in 18 months.,Beginner,Weekends,20,Female,2021-11-16
T0340,Olivia Young,mentee340@mentornet.io,Male,Australia,Product Management,Roadmapping,Improve Product Management skills and land a job in 6 months.,Beginner,Mornings,50,No preference,2022-04-17
T0341,Chloe Davis,mentee341@mentornet.io,Prefer not to say,Australia,UI/UX Design,User Research,Improve UI/UX Design skills and land a job in 18 months.,Beginner,Evenings,100,Female,2022-02-04
T0342,Chloe Johnson,mentee342@mentornet.io,Prefer not to say,USA,DevOps,"Shell Scripting, Jenkins, Git",Improve DevOps skills and land a job in 12 months.,Advanced,Evenings,20,Female,2021-11-03
T0343,Kofi Wang,mentee343@mentornet.io,Prefer not to say,USA,DevOps,"Jenkins, Git, Monitoring",Improve DevOps skills and land a job in 6 months.,Intermediate,Mornings,100,No preference,2022-10-02
T0344,Ivan Johnson,mentee344@mentornet.io,Non-binary,Australia,Web Development,Node.js,Improve Web Development skills and land a job in 18 months.,Intermediate,Flexible,20,Male,2023-03-26
T0345,Sarah Davis,mentee345@mentornet.io,Non-binary,Nigeria,Web Development,"Node.js, JavaScript, CSS",Improve Web Development skills and land a job in 12 months.,Intermediate,Evenings,150,Female,2022-04-10
T0346,Aisha Hall,mentee346@mentornet.io,Male,Singapore,Blockchain,DeFi,Improve Blockchain skills and land a job in 12 months.,Beginner,Flexible,50,Female,2022-06-30
T0347,Kofi Young,mentee347@mentornet.io,Male,Singapore,Product Management,Roadmapping,Improve Product Management skills and land a job in 12 months.,Beginner,Weekends,20,Female,2022-12-03
T0348,Kofi Ali,mentee348@mentornet.io,Non-binary,USA,Cloud Computing,"Azure, Kubernetes, GCP",Improve Cloud Computing skills and land a job in 12 months.,Advanced,Weekends,50,Female,2022-09-08
T0349,Mei Garcia,mentee349@mentornet.io,Male,UK,Cybersecurity,Penetration Testing,Improve Cybersecurity skills and land a job in 6 months.,Intermediate,Flexible,100,Female,2022-03-23
T0350,Liam Wang,mentee350@mentornet.io,Female,Australia,UI/UX Design,Figma,Improve UI/UX Design skills and land a job in 12 months.,Intermediate,Mornings,20,Female,2023-05-23
T0351,Omar Lewis,mentee351@mentornet.io,Male,India,Data Science,SQL,Improve Data Science skills and land a job in 18 months.,Intermediate,Weekdays,100,Male,2022-11-19
T0352,Mei Robinson,mentee352@mentornet.io,Female,Canada,Web Development,Node.js,Improve Web Development skills and land a job in 18 months.,Advanced,Weekdays,150,Female,2023-04-29
T0353,Ethan Müller,mentee353@mentornet.io,Prefer not to say,USA,Product Management,OKRs,Improve Product Management skills and land a job in 6 months.,Intermediate,Evenings,150,Female,2022-02-04
T0354,Kofi Wang,mentee354@mentornet.io,Female,USA,Cybersecurity,SIEM,Improve Cybersecurity skills and land a job in 12 months.,Intermediate,Flexible,50,Female,2021-02-27
T0355,Sana Tremblay,mentee355@mentornet.io,Male,Germany,Mobile Development,"Kotlin, iOS, React Native",Improve Mobile Development skills and land a job in 12 months.,Beginner,Evenings,100,Female,2022-01-12
T0356,Priya Martinez,mentee356@mentornet.io,Male,India,Cloud Computing,"Terraform, Azure, GCP",Improve Cloud Computing skills and land a job in 18 months.,Intermediate,Evenings,50,Female,2021-05-05
T0357,Amara Walker,mentee357@mentornet.io,Prefer not to say,Nigeria,Blockchain,Web3.js,Improve Blockchain skills and land a job in 12 months.,Intermediate,Weekdays,20,Male,2021-08-04
T0358,Isabelle Martinez,mentee358@mentornet.io,Non-binary,Nigeria,Machine Learning,Keras,Improve Machine Learning skills and land a job in 6 months.,Intermediate,Flexible,100,Male,2023-01-05
T0359,Aarav Robinson,mentee359@mentornet.io,Female,Australia,UI/UX Design,"Figma, Wireframing, Adobe XD",Improve UI/UX Design skills and land a job in 18 months.,Advanced,Mornings,50,Male,2022-12-13
T0360,Emma Martinez,mentee360@mentornet.io,Female,Brazil,Data Science,"R, Python, Tableau",Improve Data Science skills and land a job in 6 months.,Advanced,Evenings,50,Female,2021-03-26
T0361,James Garcia,mentee361@mentornet.io,Female,France,Web Development,"React, JavaScript, Vue.js",Improve Web Development skills and land a job in 12 months.,Advanced,Weekends,50,No preference,2022-12-05
T0362,Michael Lewis,mentee362@mentornet.io,Non-binary,Canada,Product Management,User Stories,Improve Product Management skills and land a job in 12 months.,Beginner,Flexible,100,Female,2021-08-18
T0363,Priya Young,mentee363@mentornet.io,Female,USA,Data Science,"R, SQL",Improve Data Science skills and land a job in 18 months.,Beginner,Weekdays,100,Female,2022-03-16
T0364,Daniel Lee,mentee364@mentornet.io,Male,Germany,Product Management,OKRs,Improve Product Management skills and land a job in 6 months.,Beginner,Mornings,100,Male,2023-04-28
T0365,Zara Garcia,mentee365@mentornet.io,Female,Canada,Mobile Development,"Swift, Kotlin",Improve Mobile Development skills and land a job in 12 months.,Beginner,Flexible,20,Female,2021-08-09
T0366,Wei Ali,mentee366@mentornet.io,Female,Nigeria,Cloud Computing,AWS,Improve Cloud Computing skills and land a job in 12 months.,Intermediate,Weekends,150,Male,2021-09-12
T0367,Ivan Thompson,mentee367@mentornet.io,Prefer not to say,USA,DevOps,Ansible,Improve DevOps skills and land a job in 6 months.,Intermediate,Flexible,20,Female,2022-01-28
T0368,Pooja Müller,mentee368@mentornet.io,Male,USA,UI/UX Design,"Figma, Prototyping, Adobe XD",Improve UI/UX Design skills and land a job in 6 months.,Intermediate,Evenings,150,Female,2023-04-02
T0369,Liam Sharma,mentee369@mentornet.io,Non-binary,Singapore,Product Management,"User Stories, Roadmapping, Jira",Improve Product Management skills and land a job in 18 months.,Intermediate,Weekends,150,No preference,2022-08-18
T0370,Daniel Kim,mentee370@mentornet.io,Prefer not to say,Germany,Machine Learning,"PyTorch, TensorFlow",Improve Machine Learning skills and land a job in 12 months.,Advanced,Mornings,100,No preference,2021-09-24
T0371,Michael Patel,mentee371@mentornet.io,Female,Brazil,Web Development,"Django, JavaScript",Improve Web Development skills and land a job in 12 months.,Intermediate,Evenings,150,Male,2022-06-14
T0372,Kofi Hall,mentee372@mentornet.io,Female,Germany,DevOps,"Ansible, Jenkins, Shell Scripting",Improve DevOps skills and land a job in 6 months.,Beginner,Weekends,0,No preference,2021-07-07
T0373,Hannah Müller,mentee373@mentornet.io,Female,Brazil,Data Science,"Python, Tableau",Improve Data Science skills and land a job in 6 months.,Intermediate,Evenings,150,Male,2022-04-14
T0374,Zara Walker,mentee374@mentornet.io,Female,USA,Mobile Development,"Flutter, React Native",Improve Mobile Development skills and land a job in 12 months.,Beginner,Weekends,150,Male,2022-07-31
T0375,Fatima Taylor,mentee375@mentornet.io,Male,Singapore,Product Management,"Scrum, User Stories, Agile",Improve Product Management skills and land a job in 6 months.,Intermediate,Weekdays,50,No preference,2021-10-19
T0376,Mei Tremblay,mentee376@mentornet.io,Male,Germany,Web Development,HTML,Improve Web Development skills and land a job in 6 months.,Intermediate,Flexible,100,Female,2021-10-03
T0377,Arjun Silva,mentee377@mentornet.io,Male,France,Product Management,"Roadmapping, OKRs",Improve Product Management skills and land a job in 6 months.,Beginner,Weekdays,50,Male,2023-03-29
T0378,Noah Wilson,mentee378@mentornet.io,Prefer not to say,USA,Data Science,"SQL, R",Improve Data Science skills and land a job in 6 months.,Intermediate,Weekdays,0,No preference,2021-06-16
T0379,Mei Osei,mentee379@mentornet.io,Female,USA,UI/UX Design,"User Research, Prototyping",Improve UI/UX Design skills and land a job in 18 months.,Intermediate,Mornings,20,Male,2022-11-13
T0380,Elena Davis,mentee380@mentornet.io,Female,Brazil,Web Development,"React, Vue.js",Improve Web Development skills and land a job in 12 months.,Advanced,Mornings,100,No preference,2023-02-14
T0381,Elena Anderson,mentee381@mentornet.io,Female,Nigeria,UI/UX Design,"User Research, Figma, Prototyping",Improve UI/UX Design skills and land a job in 18 months.,Intermediate,Flexible,20,Female,2022-12-04
T0382,Omar Davis,mentee382@mentornet.io,Male,Australia,Machine Learning,"OpenCV, TensorFlow",Improve Machine Learning skills and land a job in 12 months.,Intermediate,Weekends,20,Female,2021-11-04
T0383,Ethan Ali,mentee383@mentornet.io,Non-binary,France,Cybersecurity,Ethical Hacking,Improve Cybersecurity skills and land a job in 6 months.,Beginner,Mornings,0,Female,2022-03-12
T0384,Aarav Rossi,mentee384@mentornet.io,Non-binary,Germany,UI/UX Design,"Prototyping, Figma",Improve UI/UX Design skills and land a job in 18 months.,Beginner,Weekdays,100,No preference,2023-03-17
T0385,Mei Patel,mentee385@mentornet.io,Male,Nigeria,Machine Learning,"Keras, Deep Learning, OpenCV",Improve Machine Learning skills and land a job in 18 months.,Intermediate,Mornings,50,Male,2023-06-12
T0386,Fatima Kim,mentee386@mentornet.io,Male,France,Machine Learning,"Deep Learning, TensorFlow",Improve Machine Learning skills and land a job in 12 months.,Advanced,Weekdays,0,Male,2021-04-30
T0387,James Martinez,mentee387@mentornet.io,Prefer not to say,Brazil,Data Science,"Tableau, Pandas, Statistics",Improve Data Science skills and land a job in 18 months.,Intermediate,Evenings,150,Female,2022-01-05
T0388,Sarah Smith,mentee388@mentornet.io,Female,UK,UI/UX Design,Adobe XD,Improve UI/UX Design skills and land a job in 6 months.,Beginner,Weekends,0,No preference,2022-05-08
T0389,Amara Ali,mentee389@mentornet.io,Female,USA,Machine Learning,"OpenCV, PyTorch",Improve Machine Learning skills and land a job in 12 months.,Intermediate,Weekdays,0,No preference,2021-06-06
T0390,Omar Brown,mentee390@mentornet.io,Male,Brazil,Mobile Development,"React Native, iOS, Swift",Improve Mobile Development skills and land a job in 18 months.,Intermediate,Weekdays,50,No preference,2021-04-16
T0391,Tyler Walker,mentee391@mentornet.io,Prefer not to say,France,UI/UX Design,"Prototyping, Wireframing, Figma",Improve UI/UX Design skills and land a job in 12 months.,Intermediate,Flexible,150,Female,2023-01-13
T0392,Omar Garcia,mentee392@mentornet.io,Male,Singapore,Product Management,User Stories,Improve Product Management skills and land a job in 18 months.,Intermediate,Mornings,0,Male,2022-10-26
T0393,Hannah Johnson,mentee393@mentornet.io,Prefer not to say,France,UI/UX Design,"Wireframing, User Research, Prototyping",Improve UI/UX Design skills and land a job in 12 months.,Beginner,Weekends,50,Female,2021-07-16
T0394,Ahmed Rossi,mentee394@mentornet.io,Female,Singapore,Mobile Development,Android,Improve Mobile Development skills and land a job in 18 months.,Intermediate,Mornings,100,No preference,2021-10-28
T0395,Tyler Robinson,mentee395@mentornet.io,Non-binary,Brazil,UI/UX Design,Prototyping,Improve UI/UX Design skills and land a job in 6 months.,Intermediate,Weekdays,100,No preference,2021-06-27
T0396,James Anderson,mentee396@mentornet.io,Prefer not to say,USA,Cybersecurity,"Network Security, Forensics",Improve Cybersecurity skills and land a job in 6 months.,Beginner,Mornings,0,No preference,2022-01-03
T0397,Ahmed Thompson,mentee397@mentornet.io,Female,UK,Cloud Computing,"AWS, Terraform, GCP",Improve Cloud Computing skills and land a job in 12 months.,Beginner,Mornings,20,No preference,2022-07-30
T0398,Omar Müller,mentee398@mentornet.io,Non-binary,Germany,Cybersecurity,Ethical Hacking,Improve Cybersecurity skills and land a job in 12 months.,Beginner,Mornings,150,Female,2021-04-17
T0399,Isabelle Lewis,mentee399@mentornet.io,Prefer not to say,USA,Data Science,Scikit-learn,Improve Data Science skills and land a job in 18 months.,Advanced,Weekdays,150,No preference,2022-06-04
T0400,James Martinez,mentee400@mentornet.io,Male,Canada,Web Development,"CSS, Django",Improve Web Development skills and land a job in 12 months.,Advanced,Flexible,150,Male,2023-01-21
T0401,Sofia Martinez,mentee401@mentornet.io,Non-binary,Germany,Web Development,HTML,Improve Web Development skills and land a job in 6 months.,Intermediate,Flexible,0,No preference,2023-05-05
T0402,Riya Osei,mentee402@mentornet.io,Female,USA,Mobile Development,"Swift, Kotlin",Improve Mobile Development skills and land a job in 12 months.,Advanced,Weekends,20,Female,2022-03-08
T0403,Carlos Lewis,mentee403@mentornet.io,Prefer not to say,Nigeria,Cybersecurity,"Network Security, Forensics",Improve Cybersecurity skills and land a job in 6 months.,Intermediate,Weekends,0,Female,2023-04-06
T0404,Noah Smith,mentee404@mentornet.io,Non-binary,Germany,Blockchain,"Ethereum, Web3.js",Improve Blockchain skills and land a job in 6 months.,Intermediate,Weekdays,20,Female,2021-03-01
T0405,Kiran Ali,mentee405@mentornet.io,Prefer not to say,Singapore,Blockchain,"Smart Contracts, DeFi",Improve Blockchain skills and land a job in 6 months.,Intermediate,Mornings,150,No preference,2022-12-19
T0406,Isabelle Martinez,mentee406@mentornet.io,Female,Singapore,UI/UX Design,"Prototyping, User Research, Wireframing",Improve UI/UX Design skills and land a job in 12 months.,Advanced,Flexible,20,Male,2021-03-28
T0407,Sana Silva,mentee407@mentornet.io,Prefer not to say,UK,Data Science,"Statistics, SQL, R",Improve Data Science skills and land a job in 6 months.,Advanced,Mornings,50,Female,2021-12-15
T0408,Priya Sharma,mentee408@mentornet.io,Non-binary,Canada,Machine Learning,"Deep Learning, OpenCV",Improve Machine Learning skills and land a job in 18 months.,Beginner,Weekdays,50,Male,2022-10-05
T0409,Ahmed Johnson,mentee409@mentornet.io,Male,USA,Blockchain,"Smart Contracts, Solidity",Improve Blockchain skills and land a job in 12 months.,Intermediate,Weekends,150,Female,2023-01-02
T0410,Pooja Garcia,mentee410@mentornet.io,Non-binary,Australia,Blockchain,"DeFi, Ethereum",Improve Blockchain skills and land a job in 18 months.,Intermediate,Mornings,20,No preference,2021-12-02
T0411,Ivan Wang,mentee411@mentornet.io,Non-binary,Brazil,Blockchain,Ethereum,Improve Blockchain skills and land a job in 18 months.,Intermediate,Flexible,0,No preference,2021-03-05
T0412,Carlos Brown,mentee412@mentornet.io,Female,Brazil,UI/UX Design,Wireframing,Improve UI/UX Design skills and land a job in 18 months.,Advanced,Flexible,150,Female,2022-06-16
T0413,Daniel Taylor,mentee413@mentornet.io,Prefer not to say,Nigeria,UI/UX Design,"User Research, Prototyping",Improve UI/UX Design skills and land a job in 6 months.,Beginner,Mornings,20,Male,2022-12-30
T0414,Carlos White,mentee414@mentornet.io,Male,Canada,Mobile Development,"Kotlin, Flutter",Improve Mobile Development skills and land a job in 18 months.,Beginner,Mornings,50,No preference,2022-09-09
T0415,Zara Johnson,mentee415@mentornet.io,Non-binary,France,UI/UX Design,"Figma, Adobe XD",Improve UI/UX Design skills and land a job in 6 months.,Intermediate,Evenings,50,Male,2021-10-29
T0416,Priya Lewis,mentee416@mentornet.io,Female,UK,Mobile Development,"Kotlin, Flutter, Swift",Improve Mobile Development skills and land a job in 12 months.,Beginner,Weekends,100,No preference,2021-05-06
T0417,Ahmed Smith,mentee417@mentornet.io,Male,Nigeria,Blockchain,"DeFi, Smart Contracts",Improve Blockchain skills and land a job in 18 months.,Intermediate,Evenings,100,Male,2023-05-05
T0418,Carlos Clark,mentee418@mentornet.io,Female,Singapore,Product Management,"User Stories, Jira, OKRs",Improve Product Management skills and land a job in 6 months.,Advanced,Evenings,0,Female,2022-11-12
T0419,Tyler Kumar,mentee419@mentornet.io,Female,Nigeria,Product Management,"OKRs, Agile",Improve Product Management skills and land a job in 18 months.,Intermediate,Evenings,0,No preference,2022-12-26
T0420,Chloe Martinez,mentee420@mentornet.io,Non-binary,Singapore,Data Science,"Python, Pandas, Statistics",Improve Data Science skills and land a job in 6 months.,Beginner,Mornings,150,Female,2023-02-15
T0421,Chloe Davis,mentee421@mentornet.io,Female,Brazil,Data Science,"Python, Scikit-learn, Statistics",Improve Data Science skills and land a job in 6 months.,Beginner,Evenings,20,No preference,2023-04-30
T0422,Isabelle Smith,mentee422@mentornet.io,Non-binary,Nigeria,Product Management,"Agile, User Stories, Jira",Improve Product Management skills and land a job in 12 months.,Intermediate,Weekends,100,No preference,2023-05-31
T0423,Michael Kumar,mentee423@mentornet.io,Non-binary,USA,Blockchain,Solidity,Improve Blockchain skills and land a job in 18 months.,Beginner,Evenings,20,No preference,2021-09-19
T0424,Sofia Osei,mentee424@mentornet.io,Prefer not to say,UK,Web Development,Node.js,Improve Web Development skills and land a job in 12 months.,Beginner,Weekdays,0,Male,2022-02-04
T0425,Michael Lee,mentee425@mentornet.io,Prefer not to say,Germany,Web Development,"React, HTML",Improve Web Development skills and land a job in 6 months.,Beginner,Weekends,150,Female,2021-08-31
T0426,Divya Clark,mentee426@mentornet.io,Prefer not to say,USA,Mobile Development,"Flutter, Swift",Improve Mobile Development skills and land a job in 12 months.,Advanced,Flexible,0,Male,2021-01-30
T0427,Lucas Young,mentee427@mentornet.io,Male,Australia,UI/UX Design,"Prototyping, Figma, User Research",Improve UI/UX Design skills and land a job in 18 months.,Advanced,Weekends,50,Female,2022-02-21
T0428,Olivia Walker,mentee428@mentornet.io,Female,UK,Mobile Development,"Android, React Native",Improve Mobile Development skills and land a job in 6 months.,Advanced,Flexible,150,Male,2021-02-12
T0429,Raj Robinson,mentee429@mentornet.io,Non-binary,UK,Data Science,Python,Improve Data Science skills and land a job in 12 months.,Intermediate,Mornings,50,Female,2022-01-25
T0430,Fatima Taylor,mentee430@mentornet.io,Non-binary,India,DevOps,Shell Scripting,Improve DevOps skills and land a job in 18 months.,Advanced,Weekdays,50,No preference,2022-02-09
T0431,Carlos Harris,mentee431@mentornet.io,Non-binary,Nigeria,Web Development,Node.js,Improve Web Development skills and land a job in 18 months.,Intermediate,Evenings,50,Female,2022-04-09
T0432,Amara Thompson,mentee432@mentornet.io,Non-binary,Germany,Cloud Computing,Kubernetes,Improve Cloud Computing skills and land a job in 18 months.,Intermediate,Weekdays,20,Female,2021-01-03
T0433,Hannah Sharma,mentee433@mentornet.io,Male,UK,Product Management,"OKRs, User Stories",Improve Product Management skills and land a job in 12 months.,Advanced,Weekdays,0,Female,2021-02-01
T0434,Zara Tremblay,mentee434@mentornet.io,Prefer not to say,France,Mobile Development,"Kotlin, React Native",Improve Mobile Development skills and land a job in 18 months.,Beginner,Weekdays,100,Male,2021-07-17
T0435,Arjun Garcia,mentee435@mentornet.io,Male,Australia,Mobile Development,"iOS, Swift, React Native",Improve Mobile Development skills and land a job in 6 months.,Advanced,Evenings,20,No preference,2022-05-21
T0436,Liam Müller,mentee436@mentornet.io,Prefer not to say,France,DevOps,CI/CD,Improve DevOps skills and land a job in 6 months.,Advanced,Flexible,0,Male,2022-08-06
T0437,Omar Kim,mentee437@mentornet.io,Female,France,Blockchain,"DeFi, Ethereum, Solidity",Improve Blockchain skills and land a job in 18 months.,Beginner,Weekdays,20,Male,2022-08-07
T0438,Ethan Harris,mentee438@mentornet.io,Non-binary,Canada,Cybersecurity,"Penetration Testing, Forensics, Network Security",Improve Cybersecurity skills and land a job in 18 months.,Intermediate,Weekdays,100,Female,2022-11-21
T0439,Michael Ali,mentee439@mentornet.io,Prefer not to say,Australia,Data Science,Pandas,Improve Data Science skills and land a job in 18 months.,Intermediate,Flexible,50,Female,2023-02-17
T0440,Lucas Patel,mentee440@mentornet.io,Non-binary,Nigeria,Data Science,"Tableau, SQL, Python",Improve Data Science skills and land a job in 12 months.,Beginner,Evenings,0,Female,2023-04-08
T0441,Lucas White,mentee441@mentornet.io,Prefer not to say,USA,Data Science,R,Improve Data Science skills and land a job in 6 months.,Intermediate,Evenings,0,Female,2022-10-03
T0442,Priya Brown,mentee442@mentornet.io,Prefer not to say,India,Web Development,"Vue.js, Django, JavaScript",Improve Web Development skills and land a job in 12 months.,Beginner,Weekdays,100,No preference,2021-12-15
T0443,Riya Davis,mentee443@mentornet.io,Female,USA,Data Science,"Statistics, Tableau, Python",Improve Data Science skills and land a job in 18 months.,Intermediate,Mornings,0,No preference,2021-03-04
T0444,Rohan Silva,mentee444@mentornet.io,Male,UK,Data Science,Scikit-learn,Improve Data Science skills and land a job in 12 months.,Beginner,Evenings,150,Female,2022-03-19
T0445,Aarav Thompson,mentee445@mentornet.io,Male,Singapore,Web Development,JavaScript,Improve Web Development skills and land a job in 12 months.,Intermediate,Weekdays,150,Male,2021-08-27
T0446,Alex Sharma,mentee446@mentornet.io,Prefer not to say,Nigeria,Product Management,"User Stories, OKRs",Improve Product Management skills and land a job in 18 months.,Beginner,Evenings,0,Male,2022-06-14
T0447,Ivan Wang,mentee447@mentornet.io,Male,USA,DevOps,Monitoring,Improve DevOps skills and land a job in 18 months.,Beginner,Mornings,20,Female,2021-05-10
T0448,Daniel Tremblay,mentee448@mentornet.io,Prefer not to say,Brazil,Blockchain,"DeFi, Web3.js, Solidity",Improve Blockchain skills and land a job in 6 months.,Beginner,Weekdays,0,No preference,2021-11-16
T0449,Kofi Davis,mentee449@mentornet.io,Non-binary,Australia,Product Management,"OKRs, Scrum, Jira",Improve Product Management skills and land a job in 12 months.,Intermediate,Mornings,50,Male,2022-01-13
T0450,Ethan Taylor,mentee450@mentornet.io,Female,India,Data Science,Statistics,Improve Data Science skills and land a job in 18 months.,Beginner,Flexible,50,No preference,2021-07-25
T0451,Noah Silva,mentee451@mentornet.io,Female,Brazil,Cybersecurity,"Network Security, Forensics, Ethical Hacking",Improve Cybersecurity skills and land a job in 18 months.,Intermediate,Mornings,50,Male,2021-12-03
T0452,Aarav Rossi,mentee452@mentornet.io,Male,Brazil,Machine Learning,TensorFlow,Improve Machine Learning skills and land a job in 18 months.,Beginner,Weekends,100,Female,2021-08-07
T0453,Hannah Harris,mentee453@mentornet.io,Non-binary,Nigeria,Cybersecurity,Network Security,Improve Cybersecurity skills and land a job in 6 months.,Beginner,Evenings,0,No preference,2022-01-02
T0454,Yusuf Johnson,mentee454@mentornet.io,Female,Australia,Data Science,"R, Pandas",Improve Data Science skills and land a job in 18 months.,Intermediate,Weekdays,0,No preference,2021-07-22
T0455,Aisha Garcia,mentee455@mentornet.io,Non-binary,UK,Cloud Computing,"Docker, Azure",Improve Cloud Computing skills and land a job in 6 months.,Beginner,Weekdays,20,Male,2021-04-14
T0456,Carlos Kumar,mentee456@mentornet.io,Male,Germany,Data Science,SQL,Improve Data Science skills and land a job in 12 months.,Beginner,Evenings,50,Female,2021-06-25
T0457,Alex Hall,mentee457@mentornet.io,Prefer not to say,USA,Blockchain,Ethereum,Improve Blockchain skills and land a job in 6 months.,Beginner,Weekends,150,Male,2022-12-13
T0458,Michael Anderson,mentee458@mentornet.io,Prefer not to say,Canada,DevOps,Monitoring,Improve DevOps skills and land a job in 18 months.,Beginner,Mornings,50,No preference,2021-12-02
T0459,Emma Martinez,mentee459@mentornet.io,Non-binary,UK,Cybersecurity,"Ethical Hacking, Network Security, Penetration Testing",Improve Cybersecurity skills and land a job in 18 months.,Beginner,Flexible,150,No preference,2021-06-21
T0460,Rohan Clark,mentee460@mentornet.io,Non-binary,Brazil,Blockchain,"Web3.js, Ethereum, DeFi",Improve Blockchain skills and land a job in 18 months.,Intermediate,Mornings,100,Female,2022-05-22
T0461,Nadia Taylor,mentee461@mentornet.io,Prefer not to say,France,Mobile Development,"Flutter, React Native, Android",Improve Mobile Development skills and land a job in 6 months.,Intermediate,Weekends,100,No preference,2021-11-10
T0462,Rohan Taylor,mentee462@mentornet.io,Female,Germany,UI/UX Design,"Prototyping, Figma",Improve UI/UX Design skills and land a job in 6 months.,Beginner,Evenings,100,Female,2021-12-27
T0463,Ivan Patel,mentee463@mentornet.io,Prefer not to say,Singapore,Cybersecurity,"Forensics, Network Security, SIEM",Improve Cybersecurity skills and land a job in 12 months.,Intermediate,Flexible,50,Male,2021-11-21
T0464,Rohan Sharma,mentee464@mentornet.io,Female,Brazil,Cloud Computing,GCP,Improve Cloud Computing skills and land a job in 18 months.,Beginner,Evenings,0,Male,2023-05-13
T0465,Divya Wilson,mentee465@mentornet.io,Male,Australia,Blockchain,Solidity,Improve Blockchain skills and land a job in 6 months.,Beginner,Evenings,0,Female,2021-07-25
T0466,Wei Thompson,mentee466@mentornet.io,Non-binary,Australia,DevOps,"Shell Scripting, Git",Improve DevOps skills and land a job in 6 months.,Advanced,Mornings,20,Female,2023-01-28
T0467,Daniel Sharma,mentee467@mentornet.io,Non-binary,Australia,Blockchain,"Web3.js, DeFi",Improve Blockchain skills and land a job in 18 months.,Advanced,Weekdays,100,Female,2022-06-09
T0468,Mei Garcia,mentee468@mentornet.io,Female,Canada,Machine Learning,"PyTorch, NLP",Improve Machine Learning skills and land a job in 18 months.,Advanced,Flexible,100,Male,2023-03-22
T0469,Michael Walker,mentee469@mentornet.io,Female,Nigeria,Web Development,"React, CSS, Vue.js",Improve Web Development skills and land a job in 12 months.,Advanced,Weekdays,50,No preference,2022-08-15
T0470,Sarah Harris,mentee470@mentornet.io,Male,Brazil,Machine Learning,"Keras, Deep Learning, PyTorch",Improve Machine Learning skills and land a job in 12 months.,Intermediate,Flexible,150,Male,2021-11-30
T0471,Priya Taylor,mentee471@mentornet.io,Male,UK,Product Management,Roadmapping,Improve Product Management skills and land a job in 18 months.,Advanced,Mornings,150,Female,2023-06-07
T0472,Rohan Wang,mentee472@mentornet.io,Prefer not to say,USA,UI/UX Design,"User Research, Adobe XD, Prototyping",Improve UI/UX Design skills and land a job in 6 months.,Intermediate,Mornings,100,Female,2021-11-08
T0473,James Johnson,mentee473@mentornet.io,Female,India,Web Development,"Node.js, React, HTML",Improve Web Development skills and land a job in 6 months.,Beginner,Weekdays,100,Male,2021-07-30
T0474,Kiran Thompson,mentee474@mentornet.io,Male,Brazil,Cybersecurity,Forensics,Improve Cybersecurity skills and land a job in 18 months.,Beginner,Weekends,50,Male,2022-02-05
T0475,Zara Lee,mentee475@mentornet.io,Prefer not to say,Brazil,Machine Learning,"TensorFlow, OpenCV, PyTorch",Improve Machine Learning skills and land a job in 6 months.,Beginner,Evenings,100,Female,2022-11-12
T0476,James Anderson,mentee476@mentornet.io,Non-binary,France,Mobile Development,Android,Improve Mobile Development skills and land a job in 18 months.,Advanced,Flexible,50,No preference,2021-01-08
T0477,Isabelle Smith,mentee477@mentornet.io,Prefer not to say,France,Machine Learning,NLP,Improve Machine Learning skills and land a job in 12 months.,Advanced,Flexible,100,Male,2022-08-13
T0478,Olivia Osei,mentee478@mentornet.io,Prefer not to say,Germany,Data Science,"Scikit-learn, Pandas, SQL",Improve Data Science skills and land a job in 12 months.,Advanced,Weekends,100,No preference,2021-07-03
T0479,Kofi Rossi,mentee479@mentornet.io,Prefer not to say,UK,Product Management,"OKRs, Agile, User Stories",Improve Product Management skills and land a job in 18 months.,Beginner,Weekends,20,Male,2022-10-06
T0480,Kiran Thompson,mentee480@mentornet.io,Male,Canada,Blockchain,"Web3.js, Solidity",Improve Blockchain skills and land a job in 12 months.,Beginner,Weekdays,150,Male,2022-02-24
T0481,James Müller,mentee481@mentornet.io,Female,Singapore,Mobile Development,Kotlin,Improve Mobile Development skills and land a job in 6 months.,Beginner,Flexible,100,Male,2023-02-03
T0482,Wei Kumar,mentee482@mentornet.io,Male,India,UI/UX Design,"Figma, Adobe XD",Improve UI/UX Design skills and land a job in 12 months.,Advanced,Flexible,100,Male,2021-03-11
T0483,Yusuf Thompson,mentee483@mentornet.io,Female,Brazil,Web Development,React,Improve Web Development skills and land a job in 12 months.,Beginner,Weekends,0,Female,2021-04-13
T0484,Kiran Johnson,mentee484@mentornet.io,Prefer not to say,UK,Machine Learning,Deep Learning,Improve Machine Learning skills and land a job in 6 months.,Advanced,Evenings,20,Male,2022-01-02
T0485,Fatima White,mentee485@mentornet.io,Male,Singapore,Machine Learning,OpenCV,Improve Machine Learning skills and land a job in 18 months.,Beginner,Mornings,0,Male,2022-12-08
T0486,Isabelle Patel,mentee486@mentornet.io,Male,India,Cloud Computing,"Azure, Terraform",Improve Cloud Computing skills and land a job in 12 months.,Beginner,Weekends,0,No preference,2022-03-08
T0487,Arjun Silva,mentee487@mentornet.io,Female,USA,Data Science,Python,Improve Data Science skills and land a job in 18 months.,Beginner,Weekends,0,Male,2022-06-09
T0488,Michael Silva,mentee488@mentornet.io,Female,France,Web Development,Node.js,Improve Web Development skills and land a job in 12 months.,Intermediate,Weekdays,20,No preference,2021-04-19
T0489,Michael Kim,mentee489@mentornet.io,Male,Nigeria,DevOps,"Git, CI/CD, Ansible",Improve DevOps skills and land a job in 6 months.,Intermediate,Weekends,0,Female,2023-04-15
T0490,Alex Tremblay,mentee490@mentornet.io,Male,USA,Cloud Computing,Kubernetes,Improve Cloud Computing skills and land a job in 12 months.,Advanced,Flexible,0,Female,2022-07-04
T0491,James Müller,mentee491@mentornet.io,Male,France,Product Management,"Jira, User Stories",Improve Product Management skills and land a job in 18 months.,Advanced,Weekends,50,No preference,2022-10-13
T0492,Hannah Smith,mentee492@mentornet.io,Non-binary,India,DevOps,"Monitoring, Ansible, Shell Scripting",Improve DevOps skills and land a job in 18 months.,Advanced,Weekends,150,Female,2022-12-23
T0493,Lucas Sharma,mentee493@mentornet.io,Male,Australia,Data Science,Pandas,Improve Data Science skills and land a job in 12 months.,Beginner,Mornings,0,No preference,2021-05-21
T0494,Omar Osei,mentee494@mentornet.io,Female,UK,DevOps,"Jenkins, CI/CD",Improve DevOps skills and land a job in 6 months.,Advanced,Mornings,100,Female,2023-06-18
T0495,Carlos Müller,mentee495@mentornet.io,Non-binary,India,DevOps,"Ansible, Git, CI/CD",Improve DevOps skills and land a job in 6 months.,Advanced,Evenings,50,No preference,2021-07-30
T0496,Emma Young,mentee496@mentornet.io,Female,Canada,Blockchain,"Web3.js, Smart Contracts, Solidity",Improve Blockchain skills and land a job in 12 months.,Advanced,Weekdays,0,Male,2021-03-13
T0497,Emma Martinez,mentee497@mentornet.io,Female,Canada,Cybersecurity,Penetration Testing,Improve Cybersecurity skills and land a job in 6 months.,Advanced,Mornings,20,No preference,2022-06-04
T0498,Kofi Harris,mentee498@mentornet.io,Prefer not to say,Australia,Web Development,Django,Improve Web Development skills and land a job in 6 months.,Beginner,Flexible,20,Female,2021-09-12
T0499,Kiran Taylor,mentee499@mentornet.io,Prefer not to say,Canada,Cloud Computing,"Kubernetes, AWS",Improve Cloud Computing skills and land a job in 12 months.,Intermediate,Flexible,20,Male,2022-03-28
T0500,Divya Anderson,mentee500@mentornet.io,Prefer not to say,UK,UI/UX Design,"Figma, User Research",Improve UI/UX Design skills and land a job in 12 months.,Beginner,Evenings,150,Female,2021-06-06
